targetLot,lot,vin,vehicle,price,date,miles,damage,title,condition,location,engine,drive,status,reserveMet,included,flags,source,checkedAt
"54713756","64121046","3KPF24AD8ME348915","kia forte 2021 LXS","3700","2026-09-14","59379","Rear end","Salvage","Run & drive","Houston East, TX","","","Sold","Yes","false","titleDifferent","https://finalbid.vin/en/kia/forte/2021/copart-64121046-3KPF24AD8ME348915","2026-09-14"
"54713756","61366406","3KPF24AD1ME337450","kia forte 2021 LXS","3550","2026-09-11","83938","Top/roof + Side","Salvage","Run & drive","Des Moines, IA","","","Sold","Yes","false","titleDifferent; mileageGap","https://finalbid.vin/en/kia/forte/2021/copart-61366406-3KPF24AD1ME337450","2026-09-14"
"54713756","66759386","3KPF24AD3ME273539","kia forte 2021 LXS","3650","2026-09-14","33091","Rear end","Salvage","Run & drive","Philadelphia East-Sublot, PA","","","Sold","Yes","false","titleDifferent","https://finalbid.vin/en/kia/forte/2021/copart-66759386-3KPF24AD3ME273539","2026-09-14"
"73342175","52937016","JTDB4MEE6P3010694","toyota corolla 2023 LE","5200","2026-09-11","33767","Front end","Salvage","미표시","San Diego, CA","","","Sold","No","false","statusConflict; runningUnknown","https://finalbid.vin/en/toyota/corolla/2023/copart-52937016-JTDB4MEE6P3010694","2026-09-14"
"73342175","47973826","JTDB4MEE4PJ010253","toyota corolla 2023 LE","4800","2026-09-11","39776","Rear end","Salvage","Run & drive","North Boston, MA","","","Sold","No","false","statusConflict; odometer","https://finalbid.vin/en/toyota/corolla/2023/copart-47973826-JTDB4MEE4PJ010253","2026-09-14"
"73342175","60124366","5YFB4MDE6PP067258","toyota corolla 2023 LE","5800","2026-09-10","47367","Side","Salvage","Run & drive","Houston East, TX","","","Sold","No","false","statusConflict","https://finalbid.vin/en/toyota/corolla/2023/copart-60124366-5YFB4MDE6PP067258","2026-09-14"
"66458476","65743046","2T1BURHE9FC461424","toyota corolla 2015 S Plus","2250","2026-09-11","98622","Top/roof + Rear end","Salvage","Enhanced","Chicago South, IL","","","Sold","Yes","false","trimDifferent; runningUnknown","https://finalbid.vin/en/toyota/corolla/2015/copart-65743046-2T1BURHE9FC461424","2026-09-14"
"66458476","53515816","2T1BURHEXFC410742","toyota corolla 2015 S Plus","3200","2026-09-11","112898","Rear end + Side","Salvage","Run & drive","North Boston, MA","","","Sold","No","false","statusConflict; trimDifferent","https://finalbid.vin/en/toyota/corolla/2015/copart-53515816-2T1BURHEXFC410742","2026-09-14"
"66458476","63644426","2T1BURHE4FC260658","toyota corolla 2015 LE","4950","2026-09-11","69833","Rear end + Minor dents","Salvage","Run & drive","Richmond, VA","","","Sold","Yes","true","","https://finalbid.vin/en/toyota/corolla/2015/copart-63644426-2T1BURHE4FC260658","2026-09-14"
"66018206","68352556","KMHD84LF3HU229337","hyundai elantra 2017 Limited","850","2026-09-14","138958","Rear end + Side","Salvage","Run & drive","North Seattle, WA","","","Sold","Yes","true","","https://finalbid.vin/en/hyundai/elantra/2017/copart-68352556-KMHD84LF3HU229337","2026-09-14"
"66018206","65941666","5NPD84LF5HH187672","hyundai elantra 2017 Limited","3550","2026-09-14","78254","Rear end","Salvage","Run & drive","North Seattle, WA","","","Sold","Yes","true","","https://finalbid.vin/en/hyundai/elantra/2017/copart-65941666-5NPD84LF5HH187672","2026-09-14"
"66018206","65510806","KMHD84LF1HU342476","hyundai elantra 2017 Limited","1750","2026-09-14","126283","Rear end","Salvage","Run & drive","Nashville, TN","","","Sold","Yes","true","","https://finalbid.vin/en/hyundai/elantra/2017/copart-65510806-KMHD84LF1HU342476","2026-09-14"
"67303746","63137536","JTDEPRAE5LJ043134","toyota corolla 2020 LE","4350","2026-09-14","112499","Front end","Salvage","Run & drive","Adelanto, CA","","","Sold","Yes","true","","https://finalbid.vin/en/toyota/corolla/2020/copart-63137536-JTDEPRAE5LJ043134","2026-09-14"
"67303746","63904796","5YFEPRAE0LP139670","toyota corolla 2020 LE","3450","2026-09-14","105890","Front end + Side","Salvage","Run & drive","Longview, TX","","","Sold","Yes","true","","https://finalbid.vin/en/toyota/corolla/2020/copart-63904796-5YFEPRAE0LP139670","2026-09-14"
"67303746","65902826","5YFEPRAE4LP145214","toyota corolla 2020 LE","4650","2026-09-14","94650","Front end","Salvage","Run & drive","Atlanta East, GA","","","Sold","Yes","true","","https://finalbid.vin/en/toyota/corolla/2020/copart-65902826-5YFEPRAE4LP145214","2026-09-14"
"67303746","58777236","5YFEPRAE5LP121259","toyota corolla 2020 LE","8500","2026-09-14","113127","Hail","Clean","Run & drive","Dallas, TX","","","Sold","Yes","false","titleDifferent","https://finalbid.vin/en/toyota/corolla/2020/copart-58777236-5YFEPRAE5LP121259","2026-09-14"
"73342175","45211805","5YFS4MCE5PP141903","toyota corolla 2023 SE","6375","2026-09-10","68128","Hail","미표시","Enhanced","Tulsa, OK","","","Sold by Buy now","No","false","buyNow; titleUnknown; trimDifferent; runningUnknown","https://finalbid.vin/en/toyota/corolla/2023/iaai-45211805-5YFS4MCE5PP141903","2026-09-14"
"61144086","45406009","JTDS4RCE5LJ013415","2020 toyota corolla SE","6250","2026-09-16","140752","Hail + All over","미표시","Run & drive","Portage, WI","2.0L","FWD","Sold","Yes","false","titleUnknown; mileageGap","https://finalbid.vin/en/toyota/corolla/2020/iaai-45406009-JTDS4RCE5LJ013415","2026-09-16"
"61144086","61227846","JTDS4RCE7LJ046447","2020 toyota corolla SE","5700","2026-09-16","81371","Front end","Salvage","Run & drive","North Boston, MA","2.0L","FWD","Sold","Yes","false","odometer","https://finalbid.vin/en/toyota/corolla/2020/copart-61227846-JTDS4RCE7LJ046447","2026-09-16"
"61144086","60675736","5YFS4RCE5LP041100","2020 toyota corolla SE","4600","2026-09-16","89283","Front end","Salvage","Run & drive","Lexington West, KY","2.0L","FWD","Sold","Yes","true","","https://finalbid.vin/en/toyota/corolla/2020/copart-60675736-5YFS4RCE5LP041100","2026-09-16"
"62951896","63951886","3N1CN8EV2ML855506","2021 nissan versa SV","2000","2026-09-15","103275","Front end","Salvage","Run & drive","Hampton, VA","1.6L","FWD","Sold","Yes","false","titleDifferent","https://finalbid.vin/en/nissan/versa/2021/copart-63951886-3N1CN8EV2ML855506","2026-09-16"
"62951896","63677686","3N1CN8EV7ML884015","2021 nissan versa SV","2500","2026-09-16","98150","Side + Front end","Salvage","Run & drive","Mocksville, NC","1.6L","FWD","Sold","Yes","false","titleDifferent","https://finalbid.vin/en/nissan/versa/2021/copart-63677686-3N1CN8EV7ML884015","2026-09-16"
"62951896","54761586","3N1CN8EVXML884039","2021 nissan versa SV","1700","2026-09-15","109440","Front end + Minor dents & scratches","Salvage","Engine starts","Shreveport, LA","1.6L","FWD","Sold by Buy now","No","false","buyNow; titleDifferent; runningUnknown","https://finalbid.vin/en/nissan/versa/2021/copart-54761586-3N1CN8EVXML884039","2026-09-16"
"57882066","45231109","3KPFL4A7XJE244459","2018 kia forte LX","2650","2026-09-15","80969","Hail","미표시","Run & drive","Park City, KS","2.0L","FWD","Sold by Buy now","No","false","buyNow; titleUnknown; trimDifferent","https://finalbid.vin/en/kia/forte/2018/iaai-45231109-3KPFL4A7XJE244459","2026-09-16"
"52447896","45231109","3KPFL4A7XJE244459","2018 kia forte LX","2650","2026-09-15","80969","Hail","미표시","Run & drive","Park City, KS","2.0L","FWD","Sold by Buy now","No","false","buyNow; titleUnknown; trimDifferent","https://finalbid.vin/en/kia/forte/2018/iaai-45231109-3KPFL4A7XJE244459","2026-09-16"
"57882066","66574686","3KPFK4A74JE245433","2018 kia forte LX","1650","2026-09-15","89277","Front end + Side","Salvage","Run & drive","Baton Rouge, LA","2.0L","FWD","Sold","Yes","false","titleDifferent; trimDifferent","https://finalbid.vin/en/kia/forte/2018/copart-66574686-3KPFK4A74JE245433","2026-09-16"
"52447896","66574686","3KPFK4A74JE245433","2018 kia forte LX","1650","2026-09-15","89277","Front end + Side","Salvage","Run & drive","Baton Rouge, LA","2.0L","FWD","Sold","Yes","false","titleDifferent; trimDifferent","https://finalbid.vin/en/kia/forte/2018/copart-66574686-3KPFK4A74JE245433","2026-09-16"
"57882066","62658506","3KPFK4A73JE234584","2018 kia forte LX","2050","2026-09-15","61493","Vandalism","Salvage","Enhanced","Kansas City, KS","2.0L","FWD","Sold","Yes","false","titleDifferent; trimDifferent; runningUnknown","https://finalbid.vin/en/kia/forte/2018/copart-62658506-3KPFK4A73JE234584","2026-09-16"
"52447896","62658506","3KPFK4A73JE234584","2018 kia forte LX","2050","2026-09-15","61493","Vandalism","Salvage","Enhanced","Kansas City, KS","2.0L","FWD","Sold","Yes","false","titleDifferent; trimDifferent; mileageGap; runningUnknown","https://finalbid.vin/en/kia/forte/2018/copart-62658506-3KPFK4A73JE234584","2026-09-16"
"66814326","62380706","2HGFC4B54JH306957","2018 honda civic LX","4000","2026-09-16","49578","Front end","Salvage","Run & drive","Scranton, PA","2.0L","FWD","Sold","Yes","false","bodyUnverified","https://finalbid.vin/en/honda/civic/2018/copart-62380706-2HGFC4B54JH306957","2026-09-16"
"66814326","67748966","2HGFC2F52JH609346","2018 honda civic LX","5500","2026-09-15","133523","Front end","Salvage","Run & drive","San Diego, CA","2.0L","FWD","Sold","Yes","false","mileageGap","https://finalbid.vin/en/honda/civic/2018/copart-67748966-2HGFC2F52JH609346","2026-09-16"
"66814326","67458096","2HGFC2F55JH572339","2018 honda civic LX","3400","2026-09-15","12804","Front end + Side","Salvage","Engine starts","San Diego, CA","2.0L","FWD","Sold","Yes","false","mileageGap; runningUnknown","https://finalbid.vin/en/honda/civic/2018/copart-67458096-2HGFC2F55JH572339","2026-09-16"
"67463736","60562586","5YFBURHE4GP535737","2016 toyota corolla S PLUS","3050","2026-09-16","144232","Rear end","Salvage","Run & drive","Trenton, NJ","1.8L","FWD","Sold","Yes","true","","https://finalbid.vin/en/toyota/corolla/2016/copart-60562586-5YFBURHE4GP535737","2026-09-16"
"67463736","66247506","2T1BURHE6GC537277","2016 toyota corolla S PLUS","2350","2026-09-16","159813","Front end + Side","Clean","Enhanced","Freetown, MA","1.8L","FWD","Sold","Yes","false","titleDifferent; runningUnknown","https://finalbid.vin/en/toyota/corolla/2016/copart-66247506-2T1BURHE6GC537277","2026-09-16"
"67463736","45805179","5YFBURHE3GP544896","2016 toyota corolla S PLUS","2650","2026-09-16","157846","Front end","미표시","Run & drive","Houston, TX","1.8L","FWD","Sold","Yes","false","titleUnknown","https://finalbid.vin/en/toyota/corolla/2016/iaai-45805179-5YFBURHE3GP544896","2026-09-16"
"67824346","65123756","5YFBURHE2HP681636","2017 toyota corolla SE","3050","2026-09-16","162076","Front end + Side","Salvage","미표시","Spartanburg, SC","1.8L","FWD","Sold","Yes","false","runningUnknown","https://finalbid.vin/en/toyota/corolla/2017/copart-65123756-5YFBURHE2HP681636","2026-09-16"
"67824346","62300586","2T1BURHE8HC884143","2017 toyota corolla SE","4050","2026-09-15","113757","Front end","Salvage","Run & drive","Salt Lake City, UT","1.8L","FWD","Sold","Yes","true","","https://finalbid.vin/en/toyota/corolla/2017/copart-62300586-2T1BURHE8HC884143","2026-09-16"
"67824346","62574616","2T1BURHE1HC865689","2017 toyota corolla SE","1300","2026-09-16","171310","Front end","Salvage","Enhanced","Freetown, MA","1.8L","FWD","Sold","Yes","false","runningUnknown","https://finalbid.vin/en/toyota/corolla/2017/copart-62574616-2T1BURHE1HC865689","2026-09-16"
"68040146","66466206","2T3BF4DV4BW127501","2011 toyota rav4 ","3600","2026-09-15","94881","Side","Salvage","Run & drive","Somerville, NJ","2.5L","AWD","Sold","Yes","false","odometer; trimDifferent; driveDifferent","https://finalbid.vin/en/toyota/rav4/2011/copart-66466206-2T3BF4DV4BW127501","2026-09-16"
"68040146","66452206","2T3YF4DV4BW064765","2011 toyota rav4 LIMITED","2650","2026-09-15","103688","Rear end + Side","Salvage","Run & drive","Glassboro East, NJ","2.5L","FWD","Sold","Yes","false","trimDifferent","https://finalbid.vin/en/toyota/rav4/2011/copart-66452206-2T3YF4DV4BW064765","2026-09-16"
"68040146","68022306","2T3YK4DV9BW013760","2011 toyota rav4 LIMITED","1550","2026-09-15","131139","Front end + Undercarriage","Salvage","Run & drive","San Jose, CA","3.5L","FWD","Sold","Yes","false","trimDifferent; mileageGap; engineDifferent","https://finalbid.vin/en/toyota/rav4/2011/copart-68022306-2T3YK4DV9BW013760","2026-09-16"
"66708186","65187646","1HGCR2F3XFA086647","2015 honda accord LX","4500","2026-09-16","119817","Minor dents & scratches","Salvage","Run & drive","Dayton, OH","2.4L","FWD","Sold","Yes","true","","https://finalbid.vin/en/honda/accord/2015/copart-65187646-1HGCR2F3XFA086647","2026-09-16"
"66708186","63785726","1HGCR2F31FA090151","2015 honda accord LX","975","2026-09-16","160918","Front end + Side","Salvage","Enhanced","Atlanta North, GA","2.4L","FWD","Sold","Yes","false","runningUnknown","https://finalbid.vin/en/honda/accord/2015/copart-63785726-1HGCR2F31FA090151","2026-09-16"
"66708186","45942699","1HGCR2F3XFA200775","2015 honda accord LX","2550","2026-09-16","129753","Front end","미표시","Run & drive","Scott, LA","2.4L","FWD","Sold","Yes","false","titleUnknown","https://finalbid.vin/en/honda/accord/2015/iaai-45942699-1HGCR2F3XFA200775","2026-09-16"
"59820326","65281416","4T1B11HK7KU229350","2019 toyota camry SE","9300","2026-09-16","79825","Hail","Salvage","Run & drive","Springfield, MO","2.5L","FWD","Sold","Yes","true","","https://finalbid.vin/en/toyota/camry/2019/copart-65281416-4T1B11HK7KU229350","2026-09-16"
"59820326","50344226","4T1B11HK4KU705845","2019 toyota camry SE","3950","2026-09-16","129652","Front end","Salvage","Run & drive","Mebane, NC","2.5L","FWD","Sold","Yes","true","","https://finalbid.vin/en/toyota/camry/2019/copart-50344226-4T1B11HK4KU705845","2026-09-16"
"59820326","67100596","4T1B11HK4KU757430","2019 toyota camry SE","9600","2026-09-16","75440","Front end","Salvage","Run & drive","Pittsburgh South, PA","2.5L","FWD","Sold","Yes","true","","https://finalbid.vin/en/toyota/camry/2019/copart-67100596-4T1B11HK4KU757430","2026-09-16"
"66255136","61923196","4T4BF1FK5FR464281","2015 toyota camry LE","3100","2026-09-15","77107","Front end + Undercarriage","Salvage","Enhanced","Kansas City, KS","2.5L","FWD","Sold","Yes","false","runningUnknown","https://finalbid.vin/en/toyota/camry/2015/copart-61923196-4T4BF1FK5FR464281","2026-09-16"
"66255136","67526756","4T4BF1FK7FR483253","2015 toyota camry LE","2100","2026-09-16","69205","Front end","Salvage","Engine starts","Miami South, FL","2.5L","FWD","Sold","Yes","false","runningUnknown","https://finalbid.vin/en/toyota/camry/2015/copart-67526756-4T4BF1FK7FR483253","2026-09-16"
"66255136","65252256","4T4BF1FK3FR500307","2015 toyota camry LE","1900","2026-09-16","167106","Side + Rear end","Salvage","Run & drive","Ft. Pierce, FL","2.5L","FWD","Sold","Yes","false","mileageGap","https://finalbid.vin/en/toyota/camry/2015/copart-65252256-4T4BF1FK3FR500307","2026-09-16"
"68347506","67997956","KM8J3CA48MU336620","2021 hyundai tucson VALUE","7500","2026-09-14","53540","Rear end + Side","Salvage","Run & drive","Newburgh, NY","2.0L","AWD","Sold","Yes","false","driveDifferent","https://finalbid.vin/en/hyundai/tucson/2021/copart-67997956-KM8J3CA48MU336620","2026-09-16"
"68347506","62524416","KM8J33A42MU384002","2021 hyundai tucson VALUE","3950","2026-09-14","100799","Rear end","Salvage","Run & drive","Las Vegas West, NV","2.0L","FWD","Sold","Yes","false","mileageGap","https://finalbid.vin/en/hyundai/tucson/2021/copart-62524416-KM8J33A42MU384002","2026-09-16"
"68347506","64633506","KM8J33A43MU317845","2021 hyundai tucson VALUE","3950","2026-09-15","107432","Side","Salvage","Run & drive","Las Vegas, NV","2.0L","FWD","Sold","Yes","false","mileageGap","https://finalbid.vin/en/hyundai/tucson/2021/copart-64633506-KM8J33A43MU317845","2026-09-16"
"65278226","63379296","4S3BNAD60H3044329","2017 subaru legacy PREMIUM","1850","2026-09-10","103199","Side","Salvage","Run & drive","Chicago North, IL","2.5L","AWD","Sold","Yes","true","","https://finalbid.vin/en/subaru/legacy/2017/copart-63379296-4S3BNAD60H3044329","2026-09-16"
"65278226","65157206","4S3BNAA61H3066733","2017 subaru legacy ","2850","2026-09-08","98206","Front end","Salvage","Run & drive","Denver Central, CO","2.5L","AWD","Sold","No","false","statusConflict; trimDifferent","https://finalbid.vin/en/subaru/legacy/2017/copart-65157206-4S3BNAA61H3066733","2026-09-16"
"65278226","66422646","4S3BNAB68H3004938","2017 subaru legacy ","1600","2026-09-15","114191","Front end","Salvage","Run & drive","Lincoln, NE","2.5L","AWD","Sold","Yes","false","trimDifferent","https://finalbid.vin/en/subaru/legacy/2017/copart-66422646-4S3BNAB68H3004938","2026-09-16"
"68630226","62159966","3KPF24AD2KE058294","2019 kia forte LXS","2850","2026-09-15","98715","Side + Rear end","Salvage","Run & drive","Lagrange, NC","2.0L","FWD","Sold","Yes","false","titleDifferent","https://finalbid.vin/en/kia/forte/2019/copart-62159966-3KPF24AD2KE058294","2026-09-16"
"68630226","63698366","3KPF24ADXKE129371","2019 kia forte LXS","2450","2026-09-16","126477","Front end + Rear end","Salvage","Run & drive","Gastonia, NC","2.0L","FWD","Sold","Yes","false","titleDifferent","https://finalbid.vin/en/kia/forte/2019/copart-63698366-3KPF24ADXKE129371","2026-09-16"
"68630226","57526966","3KPF34AD4KE092959","2019 kia forte S","4000","2026-09-15","78202","Hail","Salvage","Run & drive","St. Louis, MO","2.0L","FWD","Sold","Yes","false","titleDifferent; trimDifferent","https://finalbid.vin/en/kia/forte/2019/copart-57526966-3KPF34AD4KE092959","2026-09-16"
"89131265","64688566","3N1AB7AP1KY448150","2019 nissan sentra S","1950","2026-09-16","106428","Rear end","Salvage","Run & drive","Mocksville, NC","1.8L","FWD","Sold","Yes","false","titleDifferent","https://finalbid.vin/en/nissan/sentra/2019/copart-64688566-3N1AB7AP1KY448150","2026-09-16"
"89131265","67010056","3N1AB7AP4KY249836","2019 nissan sentra S","1000","2026-09-15","122280","Rear end + Front end","Salvage","Run & drive","Spanaway, WA","1.8L","FWD","Sold","Yes","false","titleDifferent","https://finalbid.vin/en/nissan/sentra/2019/copart-67010056-3N1AB7AP4KY249836","2026-09-16"
"89131265","65592786","3N1AB7AP0KY285605","2019 nissan sentra S","1650","2026-09-16","87031","Front end","Salvage","Run & drive","Ft. Pierce, FL","1.8L","FWD","Sold","Yes","false","titleDifferent","https://finalbid.vin/en/nissan/sentra/2019/copart-65592786-3N1AB7AP0KY285605","2026-09-16"
"54713756","63019036","3KPF24ADXME386646","2021 kia forte LXS","4100","2026-09-15","49750","Vandalism + Minor dents & scratches","Salvage","Run & drive","Baltimore East, MD","2.0L","FWD","Sold","Yes","false","titleDifferent","https://finalbid.vin/en/kia/forte/2021/copart-63019036-3KPF24ADXME386646","2026-09-16"
"73342175","60442186","5YFB4MDEXPP066243","2023 toyota corolla LE","3800","2026-09-15","55242","Front end + Top/roof","Salvage","Run & drive","Minneapolis North, MN","2.0L","FWD","Sold","Yes","true","","https://finalbid.vin/en/toyota/corolla/2023/copart-60442186-5YFB4MDEXPP066243","2026-09-16"
"73342175","54004086","5YFB4MDE9PP067593","2023 toyota corolla LE","4800","2026-09-15","59984","Side + Front end","Salvage","Engine starts","Raleigh, NC","2.0L","FWD","Sold","Yes","false","runningUnknown","https://finalbid.vin/en/toyota/corolla/2023/copart-54004086-5YFB4MDE9PP067593","2026-09-16"
"73342175","65354826","5YFB4MDE4PP055853","2023 toyota corolla LE","7400","2026-09-16","48348","Minor dents & scratches","Salvage","Engine starts","Orlando North, FL","2.0L","FWD","Sold","Yes","false","runningUnknown","https://finalbid.vin/en/toyota/corolla/2023/copart-65354826-5YFB4MDE4PP055853","2026-09-16"
"66458476","63862536","2T1BURHE3FC449513","2015 toyota corolla LE","3850","2026-09-16","104790","Rear end","Salvage","Run & drive","Trenton, NJ","1.8L","FWD","Sold","Yes","true","","https://finalbid.vin/en/toyota/corolla/2015/copart-63862536-2T1BURHE3FC449513","2026-09-16"
"66018206","67417376","5NPD84LF1HH041558","2017 hyundai elantra LIMITED","3350","2026-09-16","68170","Front end + Side","Salvage","Run & drive","Dayton, OH","2.0L","FWD","Sold","Yes","true","","https://finalbid.vin/en/hyundai/elantra/2017/copart-67417376-5NPD84LF1HH041558","2026-09-16"
"68040146","45063125","2T3ZF4DV3BW066298","2011 toyota rav4 ","1725","2026-09-16","88349","Front end + Side","미표시","Run & drive","Brandywine, MD","2.5L","FWD","Sold","Yes","false","titleUnknown; trimDifferent","https://finalbid.vin/en/toyota/rav4/2011/iaai-45063125-2T3ZF4DV3BW066298","2026-09-16"
"57882066","65872396","3KPFK4A74JE202503","2018 kia forte LX","1950","2026-09-15","116536","Rear end","Salvage","Run & drive","Punta Gorda, FL","2.0L","FWD","Sold","Yes","false","titleDifferent; trimDifferent; mileageGap","https://finalbid.vin/en/kia/forte/2018/copart-65872396-3KPFK4A74JE202503","2026-09-16"
"52447896","65872396","3KPFK4A74JE202503","2018 kia forte LX","1950","2026-09-15","116536","Rear end","Salvage","Run & drive","Punta Gorda, FL","2.0L","FWD","Sold","Yes","false","titleDifferent; trimDifferent","https://finalbid.vin/en/kia/forte/2018/copart-65872396-3KPFK4A74JE202503","2026-09-16"
"67303746","67004486","5YFEPRAE4LP145066","2020 toyota corolla LE","4200","2026-09-16","92474","Front end","Salvage","Run & drive","Fredericksburg, VA","1.8L","FWD","Sold","Yes","true","","https://finalbid.vin/en/toyota/corolla/2020/copart-67004486-5YFEPRAE4LP145066","2026-09-16"