rank,rankBeforeHistory,id,vehicle,region,vin,seller,status,historyChecked,recalls,recallDetails,nicb,historyFinding,floodHistory,serviceHistory,publicHistorySources,maxBid,roundedTotal
1,1,54713756,2021 Kia Forte LXS,MO,3KPF24AD2ME414651,원본에 미표시,우선 점검,2026-09-14,0,[],"{""theft"": ""일치 기록 없음"", ""totalLoss"": ""우박 전손"", ""lossDate"": ""2026-04-28"", ""cause"": ""Hail""}",NICB: 2026-04-28 우박 전손. 현재 Clean 서류와 보험 전손 이력은 별개입니다.,침수 없음 확정 불가. 공개 자료에서 구체적인 침수 사건 미확인; 전체 보험·DMV 이력은 미조회.,실제 작업 날짜·주행거리·수리 항목이 있는 정비 기록 미확보. 엔진·변속기 교체 여부 미확인.,"[""https://en.bidhistory.org/kia/forte/2021/9bcab51b8770445a-kia-forte-lxs-3kpf24ad2me414651/"", ""https://usacars.bg/pl/car/kia-forte-2021-3kpf24ad2me414651"", ""https://usacars.bg/ru/car/kia-forte-2021-3kpf24ad2me414651""]",5500,10000
2,3,73342175,2023 Toyota Corolla LE,KS,5YFB4MDE6PP046684,미공개,우선 점검,2026-09-14,0,[],"{""theft"": ""일치 기록 없음"", ""totalLoss"": ""일치 기록 없음""}",이번 공개 검색에서 현재 경매 자료와 구별되는 구체적 사고·침수·정비 사건을 확정하지 못했습니다. 이력이 없다는 뜻은 아닙니다.,침수 없음 확정 불가. 공개 자료에서 구체적인 침수 사건 미확인; 전체 보험·DMV 이력은 미조회.,실제 작업 날짜·주행거리·수리 항목이 있는 정비 기록 미확보. 엔진·변속기 교체 여부 미확인.,"[""https://www.salvagereseller.com/cars-for-sale/73342175-2023-toyota-corolla-le-wichita-ks?lang=en"", ""https://plc.ua/auctions/lot/toyota-corolla-2023-vin-5yfb4mde6pp046684-1-73342175/"", ""https://www.salvagereseller.com/cars-for-sale/73342175-2023-toyota-corolla-le-wichita-ks""]",5200,9700
3,4,66458476,2015 Toyota Corolla LE,KS,5YFBURHE7FP238475,미공개,우선 점검,2026-09-14,0,[],"{""theft"": ""일치 기록 없음"", ""totalLoss"": ""우박 전손"", ""lossDate"": ""2026-08-05"", ""cause"": ""Hail""}",NICB: 2026-08-05 우박 전손. 현재 우박 표시와 원인이 일치합니다.,침수 없음 확정 불가. 공개 자료에서 구체적인 침수 사건 미확인; 전체 보험·DMV 이력은 미조회.,실제 작업 날짜·주행거리·수리 항목이 있는 정비 기록 미확보. 엔진·변속기 교체 여부 미확인.,"[""https://en.bidhistory.org/toyota/corolla/2015/b9b46c64517707fa-toyota-corolla-le-5yfburhe7fp238475/"", ""https://usacars.bg/pl/car/toyota-corolla-2015-5yfburhe7fp238475"", ""https://usacars.bg/ru/car/toyota-corolla-2015-5yfburhe7fp238475""]",3500,7800
4,6,66018206,2017 Hyundai Elantra Limited,KS,KMHD84LF7HU289766,USAA,우선 점검,2026-09-14,0,[],"{""status"": ""미조회: 24시간 IP당 5대 제한. 이번 상위 5대만 조회.""}",이번 공개 검색에서 현재 경매 자료와 구별되는 구체적 사고·침수·정비 사건을 확정하지 못했습니다. 이력이 없다는 뜻은 아닙니다.,침수 없음 확정 불가. 공개 자료에서 구체적인 침수 사건 미확인; 전체 보험·DMV 이력은 미조회.,실제 작업 날짜·주행거리·수리 항목이 있는 정비 기록 미확보. 엔진·변속기 교체 여부 미확인.,"[""https://en.bidhistory.org/hyundai/elantra/2017/a71a07f01e73ed4c-hyundai-elantra-limited-kmhd84lf7hu289766/"", ""https://usacars.bg/pl/car/hyundai-elantra-2017-kmhd84lf7hu289766"", ""https://autobidcar.com/car/hyundai-elantra-limited-2017-kmhd84lf7hu289766""]",2800,7100
5,7,67303746,2020 Toyota Corolla LE,KS,5YFEPRAE5LP054002,미공개,우선 점검,2026-09-14,0,[],"{""status"": ""미조회: 24시간 IP당 5대 제한. 이번 상위 5대만 조회.""}",이번 공개 검색에서 현재 경매 자료와 구별되는 구체적 사고·침수·정비 사건을 확정하지 못했습니다. 이력이 없다는 뜻은 아닙니다.,침수 없음 확정 불가. 공개 자료에서 구체적인 침수 사건 미확인; 전체 보험·DMV 이력은 미조회.,실제 작업 날짜·주행거리·수리 항목이 있는 정비 기록 미확보. 엔진·변속기 교체 여부 미확인.,"[""https://en.bidhistory.org/toyota/corolla/2020/39df041d52268922-toyota-corolla-le-5yfeprae5lp054002/"", ""https://en.bidhistory.org/toyota/corolla/2017/3a41f3cf3918f438-toyota-corolla-le-5yfburhe3hp606489/"", ""https://www.salvagereseller.com/cars-for-sale/67303746-2020-toyota-corolla-le-kansas-city-ks""]",4200,8200
6,8,61144086,2020 Toyota Corolla SE,KS,5YFP4RCE6LP053004,미공개,우선 점검,2026-09-14,0,[],"{""status"": ""미조회: 24시간 IP당 5대 제한. 이번 상위 5대만 조회.""}",이번 공개 검색에서 현재 경매 자료와 구별되는 구체적 사고·침수·정비 사건을 확정하지 못했습니다. 이력이 없다는 뜻은 아닙니다.,침수 없음 확정 불가. 공개 자료에서 구체적인 침수 사건 미확인; 전체 보험·DMV 이력은 미조회.,실제 작업 날짜·주행거리·수리 항목이 있는 정비 기록 미확보. 엔진·변속기 교체 여부 미확인.,"[""https://en.bidhistory.org/toyota/corolla/2020/77fb65cd45061400-toyota-corolla-se-5yfp4rce6lp053004/"", ""https://usacars.bg/en/car/toyota-corolla-2020-5yfp4rce6lp053004"", ""https://usacars.bg/pl/car/toyota-corolla-2020-5yfp4rce6lp053004""]",5000,9500
7,9,62951896,2021 Nissan Versa SV,MO,3N1CN8EV0ML873437,원본에 미표시,우선 점검,2026-09-14,0,[],"{""status"": ""미조회: 24시간 IP당 5대 제한. 이번 상위 5대만 조회.""}",이번 공개 검색에서 현재 경매 자료와 구별되는 구체적 사고·침수·정비 사건을 확정하지 못했습니다. 이력이 없다는 뜻은 아닙니다.,침수 없음 확정 불가. 공개 자료에서 구체적인 침수 사건 미확인; 전체 보험·DMV 이력은 미조회.,실제 작업 날짜·주행거리·수리 항목이 있는 정비 기록 미확보. 엔진·변속기 교체 여부 미확인.,[],4000,9300
8,10,57882066,2018 Kia Forte S,MO,3KPFL4A70JE249962,원본에 미표시,우선 점검,2026-09-14,0,[],"{""status"": ""미조회: 24시간 IP당 5대 제한. 이번 상위 5대만 조회.""}",이번 공개 검색에서 현재 경매 자료와 구별되는 구체적 사고·침수·정비 사건을 확정하지 못했습니다. 이력이 없다는 뜻은 아닙니다.,침수 없음 확정 불가. 공개 자료에서 구체적인 침수 사건 미확인; 전체 보험·DMV 이력은 미조회.,실제 작업 날짜·주행거리·수리 항목이 있는 정비 기록 미확보. 엔진·변속기 교체 여부 미확인.,[],5000,9800
9,11,66814326,2018 Honda Civic LX,KS,19XFC2F52JE003328,미공개,우선 점검,2026-09-14,0,[],"{""status"": ""미조회: 24시간 IP당 5대 제한. 이번 상위 5대만 조회.""}",이번 공개 검색에서 현재 경매 자료와 구별되는 구체적 사고·침수·정비 사건을 확정하지 못했습니다. 이력이 없다는 뜻은 아닙니다.,침수 없음 확정 불가. 공개 자료에서 구체적인 침수 사건 미확인; 전체 보험·DMV 이력은 미조회.,실제 작업 날짜·주행거리·수리 항목이 있는 정비 기록 미확보. 엔진·변속기 교체 여부 미확인.,"[""https://en.bidhistory.org/honda/civic/2018/e21cca72719056e8-honda-civic-lx-19xfc2f52je003328/"", ""https://usacars.bg/pl/car/honda-civic-2018-19xfc2f52je003328"", ""https://usacars.bg/car/honda-civic-2018-19xfc2f52je003328""]",5500,9700
10,12,67463736,2016 Toyota Corolla S Plus,KS,5YFBURHE7GP515322,GE,우선 점검,2026-09-14,0,[],"{""status"": ""미조회: 24시간 IP당 5대 제한. 이번 상위 5대만 조회.""}",이번 공개 검색에서 현재 경매 자료와 구별되는 구체적 사고·침수·정비 사건을 확정하지 못했습니다. 이력이 없다는 뜻은 아닙니다.,침수 없음 확정 불가. 공개 자료에서 구체적인 침수 사건 미확인; 전체 보험·DMV 이력은 미조회.,실제 작업 날짜·주행거리·수리 항목이 있는 정비 기록 미확보. 엔진·변속기 교체 여부 미확인.,"[""https://en.bidhistory.org/toyota/corolla/2016/cf46e1ea0ffc745b-toyota-corolla-s_plus-5yfburhe7gp515322/"", ""https://usacars.bg/en/car/toyota-corolla-2016-5yfburhe7gp515322"", ""https://usacars.bg/es/car/toyota-corolla-2016-5yfburhe7gp515322""]",2500,6700
11,13,67824346,2017 Toyota Corolla SE,KS,2T1BURHE8HC903368,미공개,우선 점검,2026-09-14,0,[],"{""status"": ""미조회: 24시간 IP당 5대 제한. 이번 상위 5대만 조회.""}",이번 공개 검색에서 현재 경매 자료와 구별되는 구체적 사고·침수·정비 사건을 확정하지 못했습니다. 이력이 없다는 뜻은 아닙니다.,침수 없음 확정 불가. 공개 자료에서 구체적인 침수 사건 미확인; 전체 보험·DMV 이력은 미조회.,실제 작업 날짜·주행거리·수리 항목이 있는 정비 기록 미확보. 엔진·변속기 교체 여부 미확인.,"[""https://en.bidhistory.org/toyota/corolla/2017/06cfb815d32d5576-toyota-corolla-se-2t1burhe8hc903368/"", ""https://www.salvagereseller.com/cars-for-sale/67824346-2017-toyota-corolla-se-kansas-city-ks/0"", ""https://plc.ua/auctions/lot/toyota-corolla-2017-vin-2t1burhe8hc903368-1-67824346/""]",2800,7600
12,14,68040146,2011 Toyota RAV4 Base,KS,2T3ZF4DV0BW078344,미공개,우선 점검,2026-09-14,0,[],"{""status"": ""미조회: 24시간 IP당 5대 제한. 이번 상위 5대만 조회.""}",이번 공개 검색에서 현재 경매 자료와 구별되는 구체적 사고·침수·정비 사건을 확정하지 못했습니다. 이력이 없다는 뜻은 아닙니다.,침수 없음 확정 불가. 공개 자료에서 구체적인 침수 사건 미확인; 전체 보험·DMV 이력은 미조회.,실제 작업 날짜·주행거리·수리 항목이 있는 정비 기록 미확보. 엔진·변속기 교체 여부 미확인.,"[""https://www.vininfo.eu/prefix/Toyota/RAV4/2011/2T3ZF4DV0BW0"", ""https://vin-check.org/2018-Apr-27/2018-Apr-27_486.pdf""]",4000,8800
13,15,52447896,2018 Kia Forte S,MO,3KPFL4A79JE267635,GE (Copart 표시),우선 점검,2026-09-14,0,[],"{""status"": ""미조회: 24시간 IP당 5대 제한. 이번 상위 5대만 조회.""}",이번 공개 검색에서 현재 경매 자료와 구별되는 구체적 사고·침수·정비 사건을 확정하지 못했습니다. 이력이 없다는 뜻은 아닙니다.,침수 없음 확정 불가. 공개 자료에서 구체적인 침수 사건 미확인; 전체 보험·DMV 이력은 미조회.,실제 작업 날짜·주행거리·수리 항목이 있는 정비 기록 미확보. 엔진·변속기 교체 여부 미확인.,[],3500,8600
14,16,66708186,2015 Honda Accord LX,KS,1HGCR2F38FA124344,미공개,우선 점검,2026-09-14,0,[],"{""status"": ""미조회: 24시간 IP당 5대 제한. 이번 상위 5대만 조회.""}",이번 공개 검색에서 현재 경매 자료와 구별되는 구체적 사고·침수·정비 사건을 확정하지 못했습니다. 이력이 없다는 뜻은 아닙니다.,침수 없음 확정 불가. 공개 자료에서 구체적인 침수 사건 미확인; 전체 보험·DMV 이력은 미조회.,실제 작업 날짜·주행거리·수리 항목이 있는 정비 기록 미확보. 엔진·변속기 교체 여부 미확인.,"[""https://en.bidhistory.org/honda/accord/2015/67c2dab5beb14386-honda-accord-lx-1hgcr2f38fa124344/"", ""https://usacars.bg/pl/car/honda-accord-2015-1hgcr2f38fa124344"", ""https://usacars.bg/es/car/honda-accord-2015-1hgcr2f38fa124344""]",3200,7300
15,17,59820326,2019 Toyota Camry SE,KS,4T1B11HK6KU181758,미공개,우선 점검,2026-09-14,0,[],"{""status"": ""미조회: 24시간 IP당 5대 제한. 이번 상위 5대만 조회.""}",이번 공개 검색에서 현재 경매 자료와 구별되는 구체적 사고·침수·정비 사건을 확정하지 못했습니다. 이력이 없다는 뜻은 아닙니다.,침수 없음 확정 불가. 공개 자료에서 구체적인 침수 사건 미확인; 전체 보험·DMV 이력은 미조회.,실제 작업 날짜·주행거리·수리 항목이 있는 정비 기록 미확보. 엔진·변속기 교체 여부 미확인.,"[""https://en.bidhistory.org/toyota/camry/2019/adad17619ed02b60-toyota-camry-se-4t1b11hk6ku181758/"", ""https://usacars.bg/pl/car/toyota-camry-2019-4t1b11hk6ku181758"", ""https://checkcar.vin/de/report/check/4T1B11HK6KU181758""]",4500,9100
16,18,66255136,2015 Toyota Camry LE,KS,4T4BF1FK5FR450560,미공개,우선 점검,2026-09-14,0,[],"{""status"": ""미조회: 24시간 IP당 5대 제한. 이번 상위 5대만 조회.""}",이번 공개 검색에서 현재 경매 자료와 구별되는 구체적 사고·침수·정비 사건을 확정하지 못했습니다. 이력이 없다는 뜻은 아닙니다.,침수 없음 확정 불가. 공개 자료에서 구체적인 침수 사건 미확인; 전체 보험·DMV 이력은 미조회.,실제 작업 날짜·주행거리·수리 항목이 있는 정비 기록 미확보. 엔진·변속기 교체 여부 미확인.,"[""https://en.bidhistory.org/toyota/camry/2015/79808f347080a456-toyota-camry-le-4t4bf1fk5fr450560/"", ""https://usacars.bg/en/car/toyota-camry-2015-4t4bf1fk5fr450560"", ""https://usacars.bg/pl/car/toyota-camry-2015-4t4bf1fk5fr450560""]",4500,9100
17,19,68347506,2021 Hyundai Tucson Value,KS,KM8J33A41MU365991,미공개,우선 점검,2026-09-14,0,[],"{""status"": ""미조회: 24시간 IP당 5대 제한. 이번 상위 5대만 조회.""}",이번 공개 검색에서 현재 경매 자료와 구별되는 구체적 사고·침수·정비 사건을 확정하지 못했습니다. 이력이 없다는 뜻은 아닙니다.,침수 없음 확정 불가. 공개 자료에서 구체적인 침수 사건 미확인; 전체 보험·DMV 이력은 미조회.,실제 작업 날짜·주행거리·수리 항목이 있는 정비 기록 미확보. 엔진·변속기 교체 여부 미확인.,[],4700,9800
18,20,65278226,2017 Subaru Legacy 2.5i Premium,KS,4S3BNAC67H3033961,미공개,우선 점검,2026-09-14,0,[],"{""status"": ""미조회: 24시간 IP당 5대 제한. 이번 상위 5대만 조회.""}",이번 공개 검색에서 현재 경매 자료와 구별되는 구체적 사고·침수·정비 사건을 확정하지 못했습니다. 이력이 없다는 뜻은 아닙니다.,침수 없음 확정 불가. 공개 자료에서 구체적인 침수 사건 미확인; 전체 보험·DMV 이력은 미조회.,실제 작업 날짜·주행거리·수리 항목이 있는 정비 기록 미확보. 엔진·변속기 교체 여부 미확인.,"[""https://usacars.bg/ru/car/subaru-legacy-2017-4s3bnac67h3033961"", ""https://usacars.bg/pl/car/subaru-legacy-2017-4s3bnac67h3033961"", ""https://plc.ua/auctions/lot/subaru-legacy-2017-vin-4s3bnac67h3033961-1-65278226/""]",3500,7900
19,21,68630226,2019 Kia Forte LXS,MO,3KPF24AD8KE091798,원본에 미표시,우선 점검,2026-09-14,0,[],"{""status"": ""미조회: 24시간 IP당 5대 제한. 이번 상위 5대만 조회.""}",Copart 원문 서류는 MO Cert Of Title-Repossessed. 회수 차량 표시이며 무사고의 증거는 아닙니다.,침수 없음 확정 불가. 공개 자료에서 구체적인 침수 사건 미확인; 전체 보험·DMV 이력은 미조회.,실제 작업 날짜·주행거리·수리 항목이 있는 정비 기록 미확보. 엔진·변속기 교체 여부 미확인.,"[""https://en.bidhistory.org/kia/forte/2019/f8e3e4273cdb127a-kia-forte-lxs-3kpf24ad8ke091798/"", ""https://www.salvagereseller.com/cars-for-sale/68630226-2019-kia-forte-lxs-rogersville-mo"", ""https://bid.cars/en/lot/1-68630226/2019-KIA-Forte-3KPF24AD8KE091798""]",4600,10000
20,22,89131265,2019 Nissan Sentra S,MO,3N1AB7AP6KY341823,원본에 미표시,우선 점검,2026-09-14,0,[],"{""status"": ""미조회: 24시간 IP당 5대 제한. 이번 상위 5대만 조회.""}",이번 공개 검색에서 현재 경매 자료와 구별되는 구체적 사고·침수·정비 사건을 확정하지 못했습니다. 이력이 없다는 뜻은 아닙니다.,침수 없음 확정 불가. 공개 자료에서 구체적인 침수 사건 미확인; 전체 보험·DMV 이력은 미조회.,실제 작업 날짜·주행거리·수리 항목이 있는 정비 기록 미확보. 엔진·변속기 교체 여부 미확인.,"[""https://en.bidhistory.org/nissan/sentra/2019/87b30c32c03f0e18-nissan-sentra-s-3n1ab7ap6ky341823/"", ""https://autohelperbot.com/en/car/3N1AB7AP6KY341823_65933735"", ""https://plc.ua/auctions/lot/nissan-sentra-2019-vin-3n1ab7ap6ky341823-1-89131265/""]",4000,9800
21,23,62630566,2017 Kia Forte LX,MO,3KPFK4A74HE039149,원본에 미표시,우선 점검,2026-09-14,0,[],"{""status"": ""미조회: 24시간 IP당 5대 제한. 이번 상위 5대만 조회.""}",이번 공개 검색에서 현재 경매 자료와 구별되는 구체적 사고·침수·정비 사건을 확정하지 못했습니다. 이력이 없다는 뜻은 아닙니다.,침수 없음 확정 불가. 공개 자료에서 구체적인 침수 사건 미확인; 전체 보험·DMV 이력은 미조회.,실제 작업 날짜·주행거리·수리 항목이 있는 정비 기록 미확보. 엔진·변속기 교체 여부 미확인.,"[""https://usacars.bg/pl/car/kia-forte-2017-3kpfk4a74he039149"", ""https://bidinfo.app/kia/forte/copart-62630566-kia-forte-2017-black-sedan-vin-3kpfk4a74he039149.html"", ""https://bid.cars/en/lot/1-62630566/2017-KIA-Forte-3KPFK4A74HE039149""]",2500,7300
22,24,68074766,2021 Nissan Rogue SL,KS,JN8AT3CB3MW226521,미공개,우선 점검,2026-09-14,0,[],"{""status"": ""미조회: 24시간 IP당 5대 제한. 이번 상위 5대만 조회.""}",이번 공개 검색에서 현재 경매 자료와 구별되는 구체적 사고·침수·정비 사건을 확정하지 못했습니다. 이력이 없다는 뜻은 아닙니다.,침수 없음 확정 불가. 공개 자료에서 구체적인 침수 사건 미확인; 전체 보험·DMV 이력은 미조회.,실제 작업 날짜·주행거리·수리 항목이 있는 정비 기록 미확보. 엔진·변속기 교체 여부 미확인.,"[""https://en.bidhistory.org/nissan/rogue/2021/3652aa296f08812f-nissan-rogue-sl-jn8at3cb3mw226521/"", ""https://www.automobileauctioneers.com/vehicles-history/nissan/rogue/2021/jn8at3cb3mw226521/"", ""https://autoconsultant.com.ua/automobile/nissan/rogue/3652aa296f08812-2021-nissan-rogue-jn8at3cb3mw226521/""]",4600,9700
23,25,60234636,2019 Subaru Forester Sport,KS,JF2SKAKCXKH553972,미공개,우선 점검,2026-09-14,0,[],"{""status"": ""미조회: 24시간 IP당 5대 제한. 이번 상위 5대만 조회.""}",이번 공개 검색에서 현재 경매 자료와 구별되는 구체적 사고·침수·정비 사건을 확정하지 못했습니다. 이력이 없다는 뜻은 아닙니다.,침수 없음 확정 불가. 공개 자료에서 구체적인 침수 사건 미확인; 전체 보험·DMV 이력은 미조회.,실제 작업 날짜·주행거리·수리 항목이 있는 정비 기록 미확보. 엔진·변속기 교체 여부 미확인.,"[""https://en.bidhistory.org/subaru/forester/2019/64cae84df75390a3-subaru-forester-sport-jf2skakcxkh553972/"", ""https://usacars.bg/pl/car/subaru-forester-2019-jf2skakcxkh553972"", ""https://usacars.bg/en/car/subaru-forester-2019-jf2skakcxkh553972""]",4400,9500
24,26,62420466,2020 Mitsubishi Eclipse Cross ES,KS,JA4AT3AA6LZ035947,미공개,우선 점검,2026-09-14,0,[],"{""status"": ""미조회: 24시간 IP당 5대 제한. 이번 상위 5대만 조회.""}",이번 공개 검색에서 현재 경매 자료와 구별되는 구체적 사고·침수·정비 사건을 확정하지 못했습니다. 이력이 없다는 뜻은 아닙니다.,침수 없음 확정 불가. 공개 자료에서 구체적인 침수 사건 미확인; 전체 보험·DMV 이력은 미조회.,실제 작업 날짜·주행거리·수리 항목이 있는 정비 기록 미확보. 엔진·변속기 교체 여부 미확인.,"[""https://www.salvagereseller.com/es/cars-for-sale/62420466-2020-mitsubishi-eclipse-cross-es-kansas-city-ks"", ""https://bazar.bg/obiava-56040702/mitsubishi-eclipse-cross-1-5l-es"", ""https://daydrive.ua/catalog/usa/make/mitsubishi/model/eclipse""]",3500,8800
25,28,65957186,2015 Toyota RAV4 LE,KS,JTMBFREV0FJ036158,미공개,우선 점검,2026-09-14,0,[],"{""status"": ""미조회: 24시간 IP당 5대 제한. 이번 상위 5대만 조회.""}",이번 공개 검색에서 현재 경매 자료와 구별되는 구체적 사고·침수·정비 사건을 확정하지 못했습니다. 이력이 없다는 뜻은 아닙니다.,침수 없음 확정 불가. 공개 자료에서 구체적인 침수 사건 미확인; 전체 보험·DMV 이력은 미조회.,실제 작업 날짜·주행거리·수리 항목이 있는 정비 기록 미확보. 엔진·변속기 교체 여부 미확인.,"[""https://en.bidhistory.org/toyota/rav4/2015/e50f3c1c6b7ecd08-toyota-rav4-le-jtmbfrev0fj036158/"", ""https://usacars.bg/en/car/toyota-rav4-2015-jtmbfrev0fj036158"", ""https://usacars.bg/car/toyota-rav4-2015-jtmbfrev0fj036158""]",4800,9800
26,30,62026146,2021 Nissan Rogue SV,KS,5N1AT3BA2MC744766,미공개,우선 점검,2026-09-14,0,[],"{""status"": ""미조회: 24시간 IP당 5대 제한. 이번 상위 5대만 조회.""}",이번 공개 검색에서 현재 경매 자료와 구별되는 구체적 사고·침수·정비 사건을 확정하지 못했습니다. 이력이 없다는 뜻은 아닙니다.,침수 없음 확정 불가. 공개 자료에서 구체적인 침수 사건 미확인; 전체 보험·DMV 이력은 미조회.,실제 작업 날짜·주행거리·수리 항목이 있는 정비 기록 미확보. 엔진·변속기 교체 여부 미확인.,"[""https://en.bidhistory.org/nissan/rogue/2021/d4ac2d08c4979001-nissan-rogue-sv-5n1at3ba2mc744766/"", ""https://usacars.bg/pl/car/nissan-rogue-2021-5n1at3ba2mc744766"", ""https://usacars.bg/ru/car/nissan-rogue-2021-5n1at3ba2mc744766""]",3800,9300
27,31,85979535,2012 Honda CR-V EX,KS,5J6RM3H55CL008203,미공개,우선 점검,2026-09-14,0,[],"{""status"": ""미조회: 24시간 IP당 5대 제한. 이번 상위 5대만 조회.""}",이번 공개 검색에서 현재 경매 자료와 구별되는 구체적 사고·침수·정비 사건을 확정하지 못했습니다. 이력이 없다는 뜻은 아닙니다.,침수 없음 확정 불가. 공개 자료에서 구체적인 침수 사건 미확인; 전체 보험·DMV 이력은 미조회.,실제 작업 날짜·주행거리·수리 항목이 있는 정비 기록 미확보. 엔진·변속기 교체 여부 미확인.,"[""https://en.bidhistory.org/honda/crv/2012/e5b73043c7f0630c-honda-crv-ex-5j6rm3h55cl008203/"", ""https://bidhistory.org/honda/crv/2012/e5b73043c7f0630c-honda-crv-ex-5j6rm3h55cl008203/"", ""https://plc.ua/auctions/lot/honda-cr-v-2012-vin-5j6rm3h55cl008203-1-85979535/""]",3300,8600
28,34,67089566,2016 Toyota RAV4 XLE,KS,2T3RFREV2GW507986,USAA,우선 점검,2026-09-14,0,[],"{""status"": ""미조회: 24시간 IP당 5대 제한. 이번 상위 5대만 조회.""}",이번 공개 검색에서 현재 경매 자료와 구별되는 구체적 사고·침수·정비 사건을 확정하지 못했습니다. 이력이 없다는 뜻은 아닙니다.,침수 없음 확정 불가. 공개 자료에서 구체적인 침수 사건 미확인; 전체 보험·DMV 이력은 미조회.,실제 작업 날짜·주행거리·수리 항목이 있는 정비 기록 미확보. 엔진·변속기 교체 여부 미확인.,"[""https://en.bidhistory.org/toyota/rav4/2016/e6005ffea93ded67-toyota-rav4-xle-2t3rfrev2gw507986/"", ""https://usacars.bg/en/car/toyota-rav4-2016-2t3rfrev2gw507986"", ""https://usacars.bg/pl/car/toyota-rav4-2016-2t3rfrev2gw507986""]",4200,9300
29,36,65742956,2012 Mazda3 i,KS,JM1BL1VF0C1503545,미공개,우선 점검,2026-09-14,0,[],"{""status"": ""미조회: 24시간 IP당 5대 제한. 이번 상위 5대만 조회.""}",이번 공개 검색에서 현재 경매 자료와 구별되는 구체적 사고·침수·정비 사건을 확정하지 못했습니다. 이력이 없다는 뜻은 아닙니다.,침수 없음 확정 불가. 공개 자료에서 구체적인 침수 사건 미확인; 전체 보험·DMV 이력은 미조회.,실제 작업 날짜·주행거리·수리 항목이 있는 정비 기록 미확보. 엔진·변속기 교체 여부 미확인.,"[""https://en.bidhistory.org/mazda/3/2012/55cf3e4e5e341044-mazda-3-i-jm1bl1vf0c1503545/"", ""https://checkcar.vin/de/report/check/JM1BL1VF0C1503545"", ""https://checkcar.vin/ar/report/check/JM1BL1VF0C1503545""]",1000,4600
30,37,67289766,2012 Ford Edge Limited,KS,2FMDK3KC1CBA45757,GE,우선 점검,2026-09-14,0,[],"{""status"": ""미조회: 24시간 IP당 5대 제한. 이번 상위 5대만 조회.""}",이번 공개 검색에서 현재 경매 자료와 구별되는 구체적 사고·침수·정비 사건을 확정하지 못했습니다. 이력이 없다는 뜻은 아닙니다.,침수 없음 확정 불가. 공개 자료에서 구체적인 침수 사건 미확인; 전체 보험·DMV 이력은 미조회.,실제 작업 날짜·주행거리·수리 항목이 있는 정비 기록 미확보. 엔진·변속기 교체 여부 미확인.,"[""https://usacars.bg/en/car/ford-edge-2012-2fmdk3kc1cba45757"", ""https://usacars.bg/car/ford-edge-2012-2fmdk3kc1cba45757"", ""https://usacars.bg/pl/car/ford-edge-2012-2fmdk3kc1cba45757""]",2600,8400
31,38,68859496,2021 Ford Edge Titanium,MO,2FMPK4K94MBA59886,원본에 미표시,우선 점검,2026-09-14,0,[],"{""status"": ""미조회: 24시간 IP당 5대 제한. 이번 상위 5대만 조회.""}",이번 공개 검색에서 현재 경매 자료와 구별되는 구체적 사고·침수·정비 사건을 확정하지 못했습니다. 이력이 없다는 뜻은 아닙니다.,침수 없음 확정 불가. 공개 자료에서 구체적인 침수 사건 미확인; 전체 보험·DMV 이력은 미조회.,실제 작업 날짜·주행거리·수리 항목이 있는 정비 기록 미확보. 엔진·변속기 교체 여부 미확인.,"[""https://en.bidhistory.org/ford/edge/2021/ed3914c22db46a4c-ford-edge-titanium-2fmpk4k94mba59886/"", ""https://www.cars.com/shopping/ford-edge/lebanon-mo/"", ""https://bid.cars/en/lot/1-68859496/2021-Ford-Edge-2FMPK4K94MBA59886""]",3900,9900
32,39,56644356,2024 Buick Envista Sport Touring,MO,KL47LBE26RB213963,원본에 미표시,우선 점검,2026-09-14,0,[],"{""status"": ""미조회: 24시간 IP당 5대 제한. 이번 상위 5대만 조회.""}",이번 공개 검색에서 현재 경매 자료와 구별되는 구체적 사고·침수·정비 사건을 확정하지 못했습니다. 이력이 없다는 뜻은 아닙니다.,침수 없음 확정 불가. 공개 자료에서 구체적인 침수 사건 미확인; 전체 보험·DMV 이력은 미조회.,실제 작업 날짜·주행거리·수리 항목이 있는 정비 기록 미확보. 엔진·변속기 교체 여부 미확인.,"[""https://checkcar.vin/pl/report/check/KL47LBE26RB213963"", ""https://checkcar.vin/fr/report/check/KL47LBE26RB213963"", ""https://plc.ua/auctions/lot/buick-envista-2024-vin-kl47lbe26rb213963-1-56644356/""]",3700,10000
33,41,61411886,2016 Hyundai Tucson Limited,MO,KM8J3CA25GU066197,USAA,우선 점검,2026-09-14,0,[],"{""status"": ""미조회: 24시간 IP당 5대 제한. 이번 상위 5대만 조회.""}",이번 공개 검색에서 현재 경매 자료와 구별되는 구체적 사고·침수·정비 사건을 확정하지 못했습니다. 이력이 없다는 뜻은 아닙니다.,침수 없음 확정 불가. 공개 자료에서 구체적인 침수 사건 미확인; 전체 보험·DMV 이력은 미조회.,실제 작업 날짜·주행거리·수리 항목이 있는 정비 기록 미확보. 엔진·변속기 교체 여부 미확인.,"[""https://usacars.bg/pl/car/hyundai-tucson-2016-km8j3ca25gu066197"", ""https://usacars.bg/ru/car/hyundai-tucson-2016-km8j3ca25gu066197"", ""https://www.salvagereseller.com/cars-for-sale/61411886-2016-hyundai-tucson-limited-rogersville-mo""]",3500,9800
34,42,60953876,2018 Nissan Rogue Sport SL,MO,JN1BJ1CP0JW193594,원본에 미표시,우선 점검,2026-09-14,0,[],"{""status"": ""미조회: 24시간 IP당 5대 제한. 이번 상위 5대만 조회.""}",이번 공개 검색에서 현재 경매 자료와 구별되는 구체적 사고·침수·정비 사건을 확정하지 못했습니다. 이력이 없다는 뜻은 아닙니다.,침수 없음 확정 불가. 공개 자료에서 구체적인 침수 사건 미확인; 전체 보험·DMV 이력은 미조회.,실제 작업 날짜·주행거리·수리 항목이 있는 정비 기록 미확보. 엔진·변속기 교체 여부 미확인.,"[""https://usacars.bg/pl/car/nissan-rogue-sport-2018-jn1bj1cp0jw193594"", ""https://www.salvagereseller.com/cars-for-sale/60953876-2018-nissan-rogue-sport-sl-bridgeton-mo"", ""https://www.salvagereseller.com/cars-for-sale/type/wagon/state/missouri""]",3500,10000
35,43,62801036,2021 Chevrolet Traverse LT,MO,1GNERGKW2MJ185536,원본에 미표시,우선 점검,2026-09-14,0,[],"{""status"": ""미조회: 24시간 IP당 5대 제한. 이번 상위 5대만 조회.""}",이번 공개 검색에서 현재 경매 자료와 구별되는 구체적 사고·침수·정비 사건을 확정하지 못했습니다. 이력이 없다는 뜻은 아닙니다.,침수 없음 확정 불가. 공개 자료에서 구체적인 침수 사건 미확인; 전체 보험·DMV 이력은 미조회.,실제 작업 날짜·주행거리·수리 항목이 있는 정비 기록 미확보. 엔진·변속기 교체 여부 미확인.,"[""https://daydrive.ua/catalog/usa/make/chevrolet/model/traverse/drive-line-type/fwd"", ""https://daydrive.ua/ru/catalog/usa/make/chevrolet/model/traverse/drive-line-type/fwd""]",3500,10000
36,44,66492966,2016 Subaru Outback 2.5i Premium,MO,4S4BSBCC6G3344926,원본에 미표시,우선 점검,2026-09-14,0,[],"{""status"": ""미조회: 24시간 IP당 5대 제한. 이번 상위 5대만 조회.""}",이번 공개 검색에서 현재 경매 자료와 구별되는 구체적 사고·침수·정비 사건을 확정하지 못했습니다. 이력이 없다는 뜻은 아닙니다.,침수 없음 확정 불가. 공개 자료에서 구체적인 침수 사건 미확인; 전체 보험·DMV 이력은 미조회.,실제 작업 날짜·주행거리·수리 항목이 있는 정비 기록 미확보. 엔진·변속기 교체 여부 미확인.,"[""https://en.bidhistory.org/subaru/outback/2016/bfd3bad2b9964d65-subaru-outback-25i_premium-4s4bsbcc6g3344926/"", ""https://autohelperbot.com/pl/car/4S4BSBCC6G3344926_65732376"", ""https://usacars.bg/pl/car/subaru-outback-2016-4s4bsbcc6g3344926""]",2100,8400
37,45,65599336,2017 Honda CR-V LX,KS,7FARW5H3XHE008335,GE,우선 점검,2026-09-14,0,[],"{""status"": ""미조회: 24시간 IP당 5대 제한. 이번 상위 5대만 조회.""}",이번 공개 검색에서 현재 경매 자료와 구별되는 구체적 사고·침수·정비 사건을 확정하지 못했습니다. 이력이 없다는 뜻은 아닙니다.,침수 없음 확정 불가. 공개 자료에서 구체적인 침수 사건 미확인; 전체 보험·DMV 이력은 미조회.,실제 작업 날짜·주행거리·수리 항목이 있는 정비 기록 미확보. 엔진·변속기 교체 여부 미확인.,"[""https://checkcar.vin/pl/report/check/7FARW5H3XHE008335"", ""https://usacars.bg/pl/car/honda-cr-v-2017-7farw5h3xhe008335"", ""https://checkcar.vin/fr/report/check/7FARW5H3XHE008335""]",3000,8400
38,5,67222806,2021 Honda HR-V EX,KS,3CZRU5H51MM705895,미공개,리콜 수리 확인 후 검토,2026-09-14,1,"[[""24V064"", ""XHK"", ""조수석 중량 센서 단락으로 어린이 탑승 시 에어백 오작동 위험. 센서 교체."", ""수리 가능""]]","{""theft"": ""일치 기록 없음"", ""totalLoss"": ""일치 기록 없음""}",이번 공개 검색에서 현재 경매 자료와 구별되는 구체적 사고·침수·정비 사건을 확정하지 못했습니다. 이력이 없다는 뜻은 아닙니다.,침수 없음 확정 불가. 공개 자료에서 구체적인 침수 사건 미확인; 전체 보험·DMV 이력은 미조회.,실제 작업 날짜·주행거리·수리 항목이 있는 정비 기록 미확보. 엔진·변속기 교체 여부 미확인.,[],5000,9800
39,29,67767886,2019 Mitsubishi Outlander SE,KS,JA4AZ3A34KZ041681,미공개,리콜 수리 확인 후 검토,2026-09-14,1,"[[""25V507"", ""SR-25-002"", ""테일게이트 가스 스트럿 부식으로 게이트 낙하·부품 파열 위험. 양쪽 교체."", ""수리 가능""]]","{""status"": ""미조회: 24시간 IP당 5대 제한. 이번 상위 5대만 조회.""}",이번 공개 검색에서 현재 경매 자료와 구별되는 구체적 사고·침수·정비 사건을 확정하지 못했습니다. 이력이 없다는 뜻은 아닙니다.,침수 없음 확정 불가. 공개 자료에서 구체적인 침수 사건 미확인; 전체 보험·DMV 이력은 미조회.,실제 작업 날짜·주행거리·수리 항목이 있는 정비 기록 미확보. 엔진·변속기 교체 여부 미확인.,"[""https://en.bidhistory.org/mitsubishi/outlander/2019/9d5655eb8e913f4c-mitsubishi-outlander-se-ja4az3a34kz041681/"", ""https://www.carma.com.ua/car/ja4az3a34kz041681"", ""https://en.bidhistory.org/mitsubishi/outlander/2020/34c4e749adc544f4-mitsubishi-outlander-se-ja4ad3a33lz047455/""]",3500,8800
40,32,57783336,2018 Ford Taurus SE,MO,1FAHP2D84JG125303,Bristol West Insurance,리콜 수리 확인 후 검토,2026-09-14,2,"[[""25V611"", ""25S91"", ""앞문 B필러 몰딩 이탈 위험. 접착 보강."", ""수리 가능""], [""25V695"", ""25SA9"", ""후방 카메라 영상 공백·왜곡."", ""수리 부품 미제공""]]","{""status"": ""미조회: 24시간 IP당 5대 제한. 이번 상위 5대만 조회.""}","Edmunds 이전 판매 목록에 같은 VIN, 71,632mi, 2026-02-02 게시, $13,238가 표시됩니다. 당시 AutoCheck 요약은 무사고·개인용·Clean으로 표시되지만 현재 상태를 보증하지 않습니다. 실제 정비 명세는 공개되지 않았습니다.",침수 없음 확정 불가. 공개 자료에서 구체적인 침수 사건 미확인; 전체 보험·DMV 이력은 미조회.,실제 작업 날짜·주행거리·수리 항목이 있는 정비 기록 미확보. 엔진·변속기 교체 여부 미확인.,"[""https://www.edmunds.com/used-ford-taurus-springdale-ar/"", ""https://www.edmunds.com/used-ford-taurus-springdale-ar/"", ""https://www.infinitiofspringfield.com/leasing.html"", ""https://plc.ua/auctions/lot/ford-taurus-2018-vin-1fahp2d84jg125303-1-57783336/""]",4500,9900
41,33,59807505,2017 Ford Fusion SE,MO,3FA6P0H79HR415049,원본에 미표시,리콜 수리 확인 후 검토,2026-09-14,1,"[[""18V167"", ""18S08"", ""핸들 고정 볼트 풀림으로 핸들이 조향축에서 분리될 위험. 볼트 교체."", ""수리 가능""]]","{""status"": ""미조회: 24시간 IP당 5대 제한. 이번 상위 5대만 조회.""}",2025년 8월 같은 LOT의 이전 경매·재판매 기록이 공개되어 있습니다. 사이트별 낙찰 가격·판매 상태가 달라 가격은 확정하지 않았습니다. 현재 안전 리콜 수리 확인이 우선입니다.,침수 없음 확정 불가. 공개 자료에서 구체적인 침수 사건 미확인; 전체 보험·DMV 이력은 미조회.,실제 작업 날짜·주행거리·수리 항목이 있는 정비 기록 미확보. 엔진·변속기 교체 여부 미확인.,"[""https://stat.vin/fr/cars/3FA6P0H79HR415049"", ""https://carfast.express/auction/lots/59807505-ford-fusion-se-2017-vin-3fa6p0h79hr415049"", ""https://bidmotors.bg/ford-fusion-se-2017-3fa6p0h79hr415049"", ""https://dreambid.pl/ru/lots/copart-59807505/2017-Ford-Fusion-3FA6P0H79HR415049""]",2500,8100
42,35,64586406,2016 Ford Fusion S,KS,3FA6P0G76GR231039,미공개,리콜 수리 확인 후 검토,2026-09-14,1,"[[""25V695"", ""25SA9"", ""후방 카메라 영상 공백·왜곡."", ""수리 부품 미제공""]]","{""status"": ""미조회: 24시간 IP당 5대 제한. 이번 상위 5대만 조회.""}",이번 공개 검색에서 현재 경매 자료와 구별되는 구체적 사고·침수·정비 사건을 확정하지 못했습니다. 이력이 없다는 뜻은 아닙니다.,침수 없음 확정 불가. 공개 자료에서 구체적인 침수 사건 미확인; 전체 보험·DMV 이력은 미조회.,실제 작업 날짜·주행거리·수리 항목이 있는 정비 기록 미확보. 엔진·변속기 교체 여부 미확인.,"[""https://usacars.bg/ru/car/ford-fusion-2016-3fa6p0g76gr231039"", ""https://www.salvagereseller.com/cars-for-sale/64586406-2016-ford-fusion-s-kansas-city-ks"", ""https://bid.cars/en/lot/1-64586406/2016-Ford-Fusion-3FA6P0G76GR231039""]",1500,5400
43,46,63031466,2019 Ford Explorer Limited,MO,1FM5K8F82KGA91743,원본에 미표시,리콜 수리 확인 후 검토,2026-09-14,2,"[[""26V101"", ""26S08"", ""후륜 토 링크 파손으로 조향 제어 상실 위험. 양쪽 교체·얼라인먼트."", ""수리 가능""], [""26V448"", ""26S54"", ""루프 레일 커버 이탈 위험."", ""수리 부품 미제공""]]","{""status"": ""미조회: 24시간 IP당 5대 제한. 이번 상위 5대만 조회.""}",이번 공개 검색에서 현재 경매 자료와 구별되는 구체적 사고·침수·정비 사건을 확정하지 못했습니다. 이력이 없다는 뜻은 아닙니다.,침수 없음 확정 불가. 공개 자료에서 구체적인 침수 사건 미확인; 전체 보험·DMV 이력은 미조회.,실제 작업 날짜·주행거리·수리 항목이 있는 정비 기록 미확보. 엔진·변속기 교체 여부 미확인.,"[""https://usacars.bg/en/car/ford-explorer-2019-1fm5k8f82kga91743"", ""https://usacars.bg/pl/car/ford-explorer-2019-1fm5k8f82kga91743"", ""https://usacars.bg/es/car/ford-explorer-2019-1fm5k8f82kga91743""]",3300,10000
44,47,57063216,2019 Ford Explorer Sport,MO,1FM5K8GT7KGA40841,원본에 미표시,리콜 수리 확인 후 검토,2026-09-14,3,"[[""24V031"", ""24S02"", ""A필러 외장 몰딩 이탈 위험. 점검·고정/교체."", ""수리 가능""], [""26V101"", ""26S08"", ""후륜 토 링크 파손으로 조향 제어 상실 위험. 양쪽 링크 교체·얼라인먼트."", ""수리 가능""], [""26V448"", ""26S54"", ""루프 레일 커버 이탈 위험."", ""수리 부품 미제공""]]","{""status"": ""미조회: 24시간 IP당 5대 제한. 이번 상위 5대만 조회.""}",이번 공개 검색에서 현재 경매 자료와 구별되는 구체적 사고·침수·정비 사건을 확정하지 못했습니다. 이력이 없다는 뜻은 아닙니다.,침수 없음 확정 불가. 공개 자료에서 구체적인 침수 사건 미확인; 전체 보험·DMV 이력은 미조회.,실제 작업 날짜·주행거리·수리 항목이 있는 정비 기록 미확보. 엔진·변속기 교체 여부 미확인.,"[""https://usacars.bg/ru/car/ford-explorer-2019-1fm5k8gt7kga40841"", ""https://checkcar.vin/pl/report/check/1FM5K8GT7KGA40841"", ""https://checkcar.vin/uk/report/check/1FM5K8GT7KGA40841""]",2900,9900
45,48,61707486,2018 Honda Civic LX,MO,2HGFC2F50JH583569,원본에 미표시,수리 견적 선행,2026-09-14,0,[],"{""status"": ""미조회: 24시간 IP당 5대 제한. 이번 상위 5대만 조회.""}",이번 공개 검색에서 현재 경매 자료와 구별되는 구체적 사고·침수·정비 사건을 확정하지 못했습니다. 이력이 없다는 뜻은 아닙니다.,침수 없음 확정 불가. 공개 자료에서 구체적인 침수 사건 미확인; 전체 보험·DMV 이력은 미조회.,실제 작업 날짜·주행거리·수리 항목이 있는 정비 기록 미확보. 엔진·변속기 교체 여부 미확인.,"[""https://www.salvagereseller.com/cars-for-sale/make/honda/model/civic/from-year/2018/to-year/2018?page=100"", ""https://www.auto4export.com/pl/lot/1300760574/2018-honda-civic"", ""https://en.bidhistory.org/honda/civic/2018/bfdce8d3ab5a153d-honda-civic-lx-2hgfc2f54jh555371/""]",2900,9900
46,50,56681616,2019 Chevrolet Malibu LT,MO,1G1ZD5ST4KF151626,원본에 미표시,수리 견적 선행,2026-09-14,0,[],"{""status"": ""미조회: 24시간 IP당 5대 제한. 이번 상위 5대만 조회.""}",이번 공개 검색에서 현재 경매 자료와 구별되는 구체적 사고·침수·정비 사건을 확정하지 못했습니다. 이력이 없다는 뜻은 아닙니다.,침수 없음 확정 불가. 공개 자료에서 구체적인 침수 사건 미확인; 전체 보험·DMV 이력은 미조회.,실제 작업 날짜·주행거리·수리 항목이 있는 정비 기록 미확보. 엔진·변속기 교체 여부 미확인.,"[""https://www.autodetective.com/directory/2019/chevrolet/malibu/""]",3400,10000
47,52,67181256,2019 Kia Sorento SX V6,KS,5XYPKDA52KG464348,미공개,수리 견적 선행,2026-09-14,1,"[[""22V703"", ""SC249F"", ""견인 히치 배선 모듈 단락·화재 위험. 수리 전 건물에서 떨어진 실외에 주차. 퓨즈/모듈 점검·교체."", ""수리 가능""]]","{""status"": ""미조회: 24시간 IP당 5대 제한. 이번 상위 5대만 조회.""}",이번 공개 검색에서 현재 경매 자료와 구별되는 구체적 사고·침수·정비 사건을 확정하지 못했습니다. 이력이 없다는 뜻은 아닙니다.,침수 없음 확정 불가. 공개 자료에서 구체적인 침수 사건 미확인; 전체 보험·DMV 이력은 미조회.,실제 작업 날짜·주행거리·수리 항목이 있는 정비 기록 미확보. 엔진·변속기 교체 여부 미확인.,"[""https://en.bidhistory.org/kia/sorento/2019/b6fa74acac5e7001-kia-sorento-sx_v6-5xypkda52kg464348/"", ""https://checkcar.vin/pl/report/check/5XYPKDA52KG464348"", ""https://checkcar.vin/uk/report/check/5XYPKDA52KG464348""]",4700,9900
48,53,65809996,2012 Honda Accord EX-L V6,KS,1HGCP3F88CA015658,미공개,수리 견적 선행,2026-09-14,0,[],"{""status"": ""미조회: 24시간 IP당 5대 제한. 이번 상위 5대만 조회.""}",이번 공개 검색에서 현재 경매 자료와 구별되는 구체적 사고·침수·정비 사건을 확정하지 못했습니다. 이력이 없다는 뜻은 아닙니다.,침수 없음 확정 불가. 공개 자료에서 구체적인 침수 사건 미확인; 전체 보험·DMV 이력은 미조회.,실제 작업 날짜·주행거리·수리 항목이 있는 정비 기록 미확보. 엔진·변속기 교체 여부 미확인.,"[""https://usacars.bg/en/car/honda-accord-2012-1hgcp3f88ca015658"", ""https://usacars.bg/pl/car/honda-accord-2012-1hgcp3f88ca015658"", ""https://usacars.bg/ru/car/honda-accord-2012-1hgcp3f88ca015658""]",2000,8100
49,54,62560656,2018 Buick Encore Preferred,MO,KL4CJASB1JB639616,원본에 미표시,수리 견적 선행,2026-09-14,0,[],"{""status"": ""미조회: 24시간 IP당 5대 제한. 이번 상위 5대만 조회.""}",이번 공개 검색에서 현재 경매 자료와 구별되는 구체적 사고·침수·정비 사건을 확정하지 못했습니다. 이력이 없다는 뜻은 아닙니다.,침수 없음 확정 불가. 공개 자료에서 구체적인 침수 사건 미확인; 전체 보험·DMV 이력은 미조회.,실제 작업 날짜·주행거리·수리 항목이 있는 정비 기록 미확보. 엔진·변속기 교체 여부 미확인.,"[""https://en.bidhistory.org/buick/encore/2018/b7f7a1e3a98f2bf5-buick-encore-preferred-kl4cjasb1jb639616/"", ""https://autoauctionhistory.com/automobile/buick/encore/f52ed3cf1e-buick_encore_preferred/"", ""https://plc.ua/auctions/lot/buick-encore-2018-vin-kl4cjasb1jb639616-1-62560656/""]",3000,8800
50,55,67360886,2018 Subaru Outback 3.6R Limited,KS,4S4BSENC8J3207654,USAA,수리 견적 선행,2026-09-14,0,[],"{""status"": ""미조회: 24시간 IP당 5대 제한. 이번 상위 5대만 조회.""}",이번 공개 검색에서 현재 경매 자료와 구별되는 구체적 사고·침수·정비 사건을 확정하지 못했습니다. 이력이 없다는 뜻은 아닙니다.,침수 없음 확정 불가. 공개 자료에서 구체적인 침수 사건 미확인; 전체 보험·DMV 이력은 미조회.,실제 작업 날짜·주행거리·수리 항목이 있는 정비 기록 미확보. 엔진·변속기 교체 여부 미확인.,"[""https://en.bidhistory.org/subaru/outback/2018/e4872da18584947c-subaru-outback-36r_limited-4s4bsenc8j3207654/"", ""https://usacars.bg/en/car/subaru-outback-2018-4s4bsenc8j3207654"", ""https://usacars.bg/ru/car/subaru-outback-2018-4s4bsenc8j3207654""]",4000,9600
51,56,68021716,2018 Mazda CX-5 Grand Touring,KS,JM3KFBDM1J0333137,미공개,수리 견적 선행,2026-09-14,0,[],"{""status"": ""미조회: 24시간 IP당 5대 제한. 이번 상위 5대만 조회.""}",이번 공개 검색에서 현재 경매 자료와 구별되는 구체적 사고·침수·정비 사건을 확정하지 못했습니다. 이력이 없다는 뜻은 아닙니다.,침수 없음 확정 불가. 공개 자료에서 구체적인 침수 사건 미확인; 전체 보험·DMV 이력은 미조회.,실제 작업 날짜·주행거리·수리 항목이 있는 정비 기록 미확보. 엔진·변속기 교체 여부 미확인.,"[""https://www.salvagereseller.com/cars-for-sale/68021716-2018-mazda-cx-5-grand-touring-kansas-city-ks/0"", ""https://www.salvagereseller.com/es/cars-for-sale/68021716-2018-mazda-cx-5-grand-touring-kansas-city-ks/0"", ""https://stat.vin/ar/cars/jm3kfbdm1j0333137-mazda-cx-5-2018-black-inline-4""]",4800,9800
52,58,63509536,2018 Mazda6 Touring,MO,JM1GL1VM1J1302657,원본에 미표시,수리 견적 선행,2026-09-14,0,[],"{""status"": ""미조회: 24시간 IP당 5대 제한. 이번 상위 5대만 조회.""}",이번 공개 검색에서 현재 경매 자료와 구별되는 구체적 사고·침수·정비 사건을 확정하지 못했습니다. 이력이 없다는 뜻은 아닙니다.,침수 없음 확정 불가. 공개 자료에서 구체적인 침수 사건 미확인; 전체 보험·DMV 이력은 미조회.,실제 작업 날짜·주행거리·수리 항목이 있는 정비 기록 미확보. 엔진·변속기 교체 여부 미확인.,"[""https://www.selectauto.bg/avtomobil/69639227"", ""https://gobid.lt/en/copart/63509536"", ""https://pivottracing.io/history/JM1GL1VM1J1313416""]",3800,9900
53,59,85613475,2016 Chevrolet Impala LT,KS,2G1115S33G9164292,GE,수리 견적 선행,2026-09-14,0,[],"{""status"": ""미조회: 24시간 IP당 5대 제한. 이번 상위 5대만 조회.""}",이번 공개 검색에서 현재 경매 자료와 구별되는 구체적 사고·침수·정비 사건을 확정하지 못했습니다. 이력이 없다는 뜻은 아닙니다.,침수 없음 확정 불가. 공개 자료에서 구체적인 침수 사건 미확인; 전체 보험·DMV 이력은 미조회.,실제 작업 날짜·주행거리·수리 항목이 있는 정비 기록 미확보. 엔진·변속기 교체 여부 미확인.,"[""https://en.bidhistory.org/chevrolet/impala/2016/acfa08155942039f-chevrolet-impala-lt-2g1115s33g9164292/"", ""https://usacars.bg/car/chevrolet-impala-2016-2g1115s33g9164292"", ""https://usacars.bg/pl/car/chevrolet-impala-2016-2g1115s33g9164292""]",2000,7900
54,60,42068106,2022 Chevrolet Equinox LT,MO,3GNAXKEVXNS202853,원본에 미표시,수리 견적 선행,2026-09-14,0,[],"{""status"": ""미조회: 24시간 IP당 5대 제한. 이번 상위 5대만 조회.""}",이번 공개 검색에서 현재 경매 자료와 구별되는 구체적 사고·침수·정비 사건을 확정하지 못했습니다. 이력이 없다는 뜻은 아닙니다.,침수 없음 확정 불가. 공개 자료에서 구체적인 침수 사건 미확인; 전체 보험·DMV 이력은 미조회.,실제 작업 날짜·주행거리·수리 항목이 있는 정비 기록 미확보. 엔진·변속기 교체 여부 미확인.,"[""https://www.salvagereseller.com/cars-for-sale/42068106-2022-chevrolet-equinox-lt-rogersville-mo"", ""https://bid.cars/pl/lot/1-42068106/2022-Chevrolet-Equinox-3GNAXKEVXNS202853"", ""https://bid.cars/en/lot/1-42068106/2022-Chevrolet-Equinox-3GNAXKEVXNS202853""]",3700,10000
55,61,75971465,2019 Toyota Camry LE,KS,4T1B11HK7KU681766,미공개,수리 견적 선행,2026-09-14,0,[],"{""status"": ""미조회: 24시간 IP당 5대 제한. 이번 상위 5대만 조회.""}",이번 공개 검색에서 현재 경매 자료와 구별되는 구체적 사고·침수·정비 사건을 확정하지 못했습니다. 이력이 없다는 뜻은 아닙니다.,침수 없음 확정 불가. 공개 자료에서 구체적인 침수 사건 미확인; 전체 보험·DMV 이력은 미조회.,실제 작업 날짜·주행거리·수리 항목이 있는 정비 기록 미확보. 엔진·변속기 교체 여부 미확인.,"[""https://en.bidhistory.org/toyota/camry/2019/08f3b07e722108bb-toyota-camry-le-4t1b11hk7ku681766/"", ""https://www.salvagereseller.com/cars-for-sale/75971465-2019-toyota-camry-le-kansas-city-ks"", ""https://www.automobileauctioneers.com/vehicles-history/toyota/camry/2019/4t1b11hk7ku681766/""]",3500,9400
56,62,62295176,2016 Jeep Renegade Sport,MO,ZACCJAAT0GPD40360,원본에 미표시,수리 견적 선행,2026-09-14,0,[],"{""status"": ""미조회: 24시간 IP당 5대 제한. 이번 상위 5대만 조회.""}",이번 공개 검색에서 현재 경매 자료와 구별되는 구체적 사고·침수·정비 사건을 확정하지 못했습니다. 이력이 없다는 뜻은 아닙니다.,침수 없음 확정 불가. 공개 자료에서 구체적인 침수 사건 미확인; 전체 보험·DMV 이력은 미조회.,실제 작업 날짜·주행거리·수리 항목이 있는 정비 기록 미확보. 엔진·변속기 교체 여부 미확인.,"[""https://usacars.bg/en/car/jeep-renegade-2016-zaccjaat0gpd40360"", ""https://usacars.bg/car/jeep-renegade-2016-zaccjaat0gpd40360"", ""https://usacars.bg/pl/car/jeep-renegade-2016-zaccjaat0gpd40360""]",3000,9100
57,63,48953663,2017 Chevrolet Cruze LT,MO,1G1BE5SMXH7219177,원본에 미표시,수리 견적 선행,2026-09-14,0,[],"{""status"": ""미조회: 24시간 IP당 5대 제한. 이번 상위 5대만 조회.""}","공개 과거 자료는 KS Kansas City, 현재 Copart 직접 확인은 MO Springfield입니다. 현재 위치를 우선 적용했습니다. MO Duplicate Title·68,651mi Actual·Front End·Upcoming. 과거 보험 판매자 표시는 현재 판매자 확정과 구분합니다.",침수 없음 확정 불가. 공개 자료에서 구체적인 침수 사건 미확인; 전체 보험·DMV 이력은 미조회.,실제 작업 날짜·주행거리·수리 항목이 있는 정비 기록 미확보. 엔진·변속기 교체 여부 미확인.,"[""https://stat.vin/ar/cars/1G1BE5SMXH7219177"", ""https://stat.vin/ge/cars/1G1BE5SMXH7219177"", ""https://carfast.express/auction/lots/90603755-chevrolet-cruze-2018-vin-1g1be5sm8j7102851""]",2900,9900
58,64,67092526,2015 Mitsubishi Outlander Sport SE,KS,4A4AR4AU8FE045176,미공개,수리 견적 선행,2026-09-14,0,[],"{""status"": ""미조회: 24시간 IP당 5대 제한. 이번 상위 5대만 조회.""}",이번 공개 검색에서 현재 경매 자료와 구별되는 구체적 사고·침수·정비 사건을 확정하지 못했습니다. 이력이 없다는 뜻은 아닙니다.,침수 없음 확정 불가. 공개 자료에서 구체적인 침수 사건 미확인; 전체 보험·DMV 이력은 미조회.,실제 작업 날짜·주행거리·수리 항목이 있는 정비 기록 미확보. 엔진·변속기 교체 여부 미확인.,"[""https://en.bidhistory.org/mitsubishi/outlander/2015/6a5aebc414181f52-mitsubishi-outlander-se-4a4ar4au8fe045176/"", ""https://bidhistory.org/mitsubishi/outlander/2015/6a5aebc414181f52-mitsubishi-outlander-se-4a4ar4au8fe045176/"", ""https://www.automobileauctioneers.com/vehicles-history/mitsubishi/outlander/2015/4a4ar4au8fe045176/""]",2400,7900
59,65,55442176,2012 Subaru Forester 2.5X Premium,KS,JF2SHBDCXCH447119,미공개,수리 견적 선행,2026-09-14,0,[],"{""status"": ""미조회: 24시간 IP당 5대 제한. 이번 상위 5대만 조회.""}",이번 공개 검색에서 현재 경매 자료와 구별되는 구체적 사고·침수·정비 사건을 확정하지 못했습니다. 이력이 없다는 뜻은 아닙니다.,침수 없음 확정 불가. 공개 자료에서 구체적인 침수 사건 미확인; 전체 보험·DMV 이력은 미조회.,실제 작업 날짜·주행거리·수리 항목이 있는 정비 기록 미확보. 엔진·변속기 교체 여부 미확인.,"[""https://en.bidhistory.org/subaru/forester/2012/9100864a4873e599-subaru-forester-25x_premium-jf2shbdcxch447119/"", ""https://usacars.bg/en/car/subaru-forester-2012-jf2shbdcxch447119"", ""https://usacars.bg/ru/car/subaru-forester-2012-jf2shbdcxch447119""]",2400,8200
60,66,68544326,2015 Toyota Camry LE,KS,4T4BF1FK9FR492892,미공개,수리 견적 선행,2026-09-14,0,[],"{""status"": ""미조회: 24시간 IP당 5대 제한. 이번 상위 5대만 조회.""}",이번 공개 검색에서 현재 경매 자료와 구별되는 구체적 사고·침수·정비 사건을 확정하지 못했습니다. 이력이 없다는 뜻은 아닙니다.,침수 없음 확정 불가. 공개 자료에서 구체적인 침수 사건 미확인; 전체 보험·DMV 이력은 미조회.,실제 작업 날짜·주행거리·수리 항목이 있는 정비 기록 미확보. 엔진·변속기 교체 여부 미확인.,[],3500,9400
61,68,65487846,2023 Chevrolet Malibu LT,MO,1G1ZD5ST4PF174704,원본에 미표시,진단·판매 상태 보류,2026-09-14,1,"[[""26V212"", ""N262551720"", ""후방 카메라 화면 공백·왜곡. 점검·필요 시 교체."", ""수리 가능""]]","{""status"": ""미조회: 24시간 IP당 5대 제한. 이번 상위 5대만 조회.""}",이번 공개 검색에서 현재 경매 자료와 구별되는 구체적 사고·침수·정비 사건을 확정하지 못했습니다. 이력이 없다는 뜻은 아닙니다.,침수 없음 확정 불가. 공개 자료에서 구체적인 침수 사건 미확인; 전체 보험·DMV 이력은 미조회.,실제 작업 날짜·주행거리·수리 항목이 있는 정비 기록 미확보. 엔진·변속기 교체 여부 미확인.,"[""https://checkcar.vin/fr/report/check/1G1ZD5ST4PF174704"", ""https://bid.cars/en/lot/1-65487846/2023-Chevrolet-Malibu-1G1ZD5ST4PF174704"", ""https://www.salvagereseller.com/cars-for-sale/65487846-2023-chevrolet-malibu-lt-rogersville-mo""]",4900,10000
62,69,65709846,2024 Mazda3 Select Sport,KS,3MZBPABM6RM414790,USAA,진단·판매 상태 보류,2026-09-14,0,[],"{""status"": ""미조회: 24시간 IP당 5대 제한. 이번 상위 5대만 조회.""}","Cars.com 이전 판매 목록: 같은 VIN, 45,907mi, Clint Bowyer Autoplex(또는 해당 판매 목록), $19,363 표시. 과거 판매 광고이며 현재 무사고나 정비 이력을 증명하지 않습니다.",침수 없음 확정 불가. 공개 자료에서 구체적인 침수 사건 미확인; 전체 보험·DMV 이력은 미조회.,실제 작업 날짜·주행거리·수리 항목이 있는 정비 기록 미확보. 엔진·변속기 교체 여부 미확인.,"[""https://www.cars.com/shopping/mazda-mazda3-2024/sedan/plymouth-mn/"", ""https://www.cars.com/shopping/mazda-mazda3-2024/sedan/plymouth-mn/"", ""https://www.cars.com/shopping/montebello-ca/price-under-20000/?page=493"", ""https://www.cars.com/shopping/mazda/sedan/augusta-ks/""]",4200,9600
63,70,65120686,2020 Ford Escape SE Sport Hybrid,KS,1FMCU0BZ2LUB78790,미공개,진단·판매 상태 보류,2026-09-14,1,"[[""26V123"", ""26C11"", ""SYNC 화면·후방 카메라 영상 반전. 소프트웨어 업데이트."", ""수리 가능""]]","{""status"": ""미조회: 24시간 IP당 5대 제한. 이번 상위 5대만 조회.""}",이번 공개 검색에서 현재 경매 자료와 구별되는 구체적 사고·침수·정비 사건을 확정하지 못했습니다. 이력이 없다는 뜻은 아닙니다.,침수 없음 확정 불가. 공개 자료에서 구체적인 침수 사건 미확인; 전체 보험·DMV 이력은 미조회.,실제 작업 날짜·주행거리·수리 항목이 있는 정비 기록 미확보. 엔진·변속기 교체 여부 미확인.,"[""https://usacars.bg/pl/car/ford-escape-2020-1fmcu0bz2lub78790"", ""https://usacars.bg/ru/car/ford-escape-2020-1fmcu0bz2lub78790"", ""https://www.salvagereseller.com/cars-for-sale/65120686-2020-ford-escape-se-sport-kansas-city-ks/0""]",3300,9200
64,71,67291736,2020 Chevrolet Traverse LS,MO,1GNERFKW2LJ137172,원본에 미표시,진단·판매 상태 보류,2026-09-14,0,[],"{""status"": ""미조회: 24시간 IP당 5대 제한. 이번 상위 5대만 조회.""}",이번 공개 검색에서 현재 경매 자료와 구별되는 구체적 사고·침수·정비 사건을 확정하지 못했습니다. 이력이 없다는 뜻은 아닙니다.,침수 없음 확정 불가. 공개 자료에서 구체적인 침수 사건 미확인; 전체 보험·DMV 이력은 미조회.,실제 작업 날짜·주행거리·수리 항목이 있는 정비 기록 미확보. 엔진·변속기 교체 여부 미확인.,"[""https://usacars.bg/pl/car/chevrolet-traverse-2020-1gnerfkw2lj137172"", ""https://usacars.bg/car/chevrolet-traverse-2020-1gnerfkw2lj137172"", ""https://usacars.bg/ru/car/chevrolet-traverse-2020-1gnerfkw2lj137172""]",3700,10000
65,73,67201176,2019 Hyundai Kona SEL,KS,KM8K6CAA2KU237645,USAA,진단·판매 상태 보류,2026-09-14,0,[],"{""status"": ""미조회: 24시간 IP당 5대 제한. 이번 상위 5대만 조회.""}",이번 공개 검색에서 현재 경매 자료와 구별되는 구체적 사고·침수·정비 사건을 확정하지 못했습니다. 이력이 없다는 뜻은 아닙니다.,침수 없음 확정 불가. 공개 자료에서 구체적인 침수 사건 미확인; 전체 보험·DMV 이력은 미조회.,실제 작업 날짜·주행거리·수리 항목이 있는 정비 기록 미확보. 엔진·변속기 교체 여부 미확인.,"[""https://en.bidhistory.org/hyundai/kona/2019/aa7b1119575be326-hyundai-kona-sel-km8k6caa2ku237645/"", ""https://usacars.bg/car/hyundai-kona-2019-km8k6caa2ku237645"", ""https://checkcar.vin/es-mx/report/check/KM8K6CAA2KU237645""]",3000,8900
66,74,64769036,2017 Hyundai Tucson Sport,MO,KM8J33A23HU380156,원본에 미표시,진단·판매 상태 보류,2026-09-14,0,[],"{""status"": ""미조회: 24시간 IP당 5대 제한. 이번 상위 5대만 조회.""}",우박 이외 Mechanical 손상이 함께 공개되어 있습니다. 시동 확인은 주행·변속기 정상 보증이 아닙니다. 정비 진단 및 서류 확인 전 보류.,침수 없음 확정 불가. 공개 자료에서 구체적인 침수 사건 미확인; 전체 보험·DMV 이력은 미조회.,실제 작업 날짜·주행거리·수리 항목이 있는 정비 기록 미확보. 엔진·변속기 교체 여부 미확인.,"[""https://usacars.bg/pl/car/hyundai-tucson-2017-km8j33a23hu380156"", ""https://usacars.bg/ru/car/hyundai-tucson-2017-km8j33a23hu380156"", ""https://opendatacar.com/auction/hyundai/tucson/2017/2017-hyundai-tucson-km8j33a23hu380156""]",3300,10000
67,75,67879236,2017 Kia Sportage EX,MO,KNDPNCAC6H7184955,원본에 미표시,진단·판매 상태 보류,2026-09-14,1,"[[""22V703"", ""SC249F"", ""견인 히치 배선 모듈 단락·화재 위험. 수리 전 건물에서 떨어진 실외에 주차. 퓨즈/모듈 점검·교체."", ""수리 가능""]]","{""status"": ""미조회: 24시간 IP당 5대 제한. 이번 상위 5대만 조회.""}",공개 보관 자료는 2026-09-12 Buy Now 판매를 표시합니다. 현재 판매 가능 여부는 공식 매물에서 재확인해야 합니다. 화재 리콜 수리 전 실외 주차 안내 적용.,침수 없음 확정 불가. 공개 자료에서 구체적인 침수 사건 미확인; 전체 보험·DMV 이력은 미조회.,실제 작업 날짜·주행거리·수리 항목이 있는 정비 기록 미확보. 엔진·변속기 교체 여부 미확인.,"[""https://cararam.com/pl/kia/sportage/2017/copart-67879236-KNDPNCAC6H7184955"", ""https://cararam.com/pl/kia/sportage/2017/copart-67879236-KNDPNCAC6H7184955"", ""https://en.bidhistory.org/kia/sportage/2017/5662c8f14a497938-kia-sportage-ex-kndpncac6h7184955/"", ""https://cararam.com/de/kia/sportage/2017/copart-67879236-KNDPNCAC6H7184955""]",2400,10000
68,76,67849116,2017 Honda HR-V LX,MO,3CZRU6H36HM710813,원본에 미표시,진단·판매 상태 보류,2026-09-14,0,[],"{""status"": ""미조회: 24시간 IP당 5대 제한. 이번 상위 5대만 조회.""}",이번 공개 검색에서 현재 경매 자료와 구별되는 구체적 사고·침수·정비 사건을 확정하지 못했습니다. 이력이 없다는 뜻은 아닙니다.,침수 없음 확정 불가. 공개 자료에서 구체적인 침수 사건 미확인; 전체 보험·DMV 이력은 미조회.,실제 작업 날짜·주행거리·수리 항목이 있는 정비 기록 미확보. 엔진·변속기 교체 여부 미확인.,"[""https://en.bidhistory.org/honda/hr_v/2017/4e2cf6026384355e-honda-hr_v-lx-3czru6h36hm710813/"", ""https://usacars.bg/car/honda-hr-v-2017-3czru6h36hm710813"", ""https://usacars.bg/en/car/honda-hr-v-2017-3czru6h36hm710813""]",2400,10000
69,77,64587966,2020 Chevrolet Malibu LS,MO,1G1ZB5ST4LF010689,원본에 미표시,진단·판매 상태 보류,2026-09-14,0,[],"{""status"": ""미조회: 24시간 IP당 5대 제한. 이번 상위 5대만 조회.""}",이번 공개 검색에서 현재 경매 자료와 구별되는 구체적 사고·침수·정비 사건을 확정하지 못했습니다. 이력이 없다는 뜻은 아닙니다.,침수 없음 확정 불가. 공개 자료에서 구체적인 침수 사건 미확인; 전체 보험·DMV 이력은 미조회.,실제 작업 날짜·주행거리·수리 항목이 있는 정비 기록 미확보. 엔진·변속기 교체 여부 미확인.,"[""https://checkcar.vin/fr/report/check/1G1ZB5ST4LF010689"", ""https://opendatacar.com/en/auction/chevrolet/malibu/2020/2020-chevrolet-malibu-1g1zb5st4lf010689"", ""https://opendatacar.com/en/auction/chevrolet/malibu/2020""]",2900,9900
70,78,62869076,2020 Ford Fusion SE,MO,3FA6P0HD9LR187570,원본에 미표시,진단·판매 상태 보류,2026-09-14,0,[],"{""status"": ""미조회: 24시간 IP당 5대 제한. 이번 상위 5대만 조회.""}",이번 공개 검색에서 현재 경매 자료와 구별되는 구체적 사고·침수·정비 사건을 확정하지 못했습니다. 이력이 없다는 뜻은 아닙니다.,침수 없음 확정 불가. 공개 자료에서 구체적인 침수 사건 미확인; 전체 보험·DMV 이력은 미조회.,실제 작업 날짜·주행거리·수리 항목이 있는 정비 기록 미확보. 엔진·변속기 교체 여부 미확인.,"[""https://checkcar.vin/es/report/check/3FA6P0HD9LR187570"", ""https://usacars.bg/en/car/ford-fusion-2020-3fa6p0hd9lr187570"", ""https://checkcar.vin/uk/report/check/3FA6P0HD9LR187570""]",2800,10000
71,79,64200676,2018 Ford Escape SEL,MO,1FMCU9HD9JUB55830,원본에 미표시,진단·판매 상태 보류,2026-09-14,0,[],"{""status"": ""미조회: 24시간 IP당 5대 제한. 이번 상위 5대만 조회.""}",이번 공개 검색에서 현재 경매 자료와 구별되는 구체적 사고·침수·정비 사건을 확정하지 못했습니다. 이력이 없다는 뜻은 아닙니다.,침수 없음 확정 불가. 공개 자료에서 구체적인 침수 사건 미확인; 전체 보험·DMV 이력은 미조회.,실제 작업 날짜·주행거리·수리 항목이 있는 정비 기록 미확보. 엔진·변속기 교체 여부 미확인.,"[""https://en.bidhistory.org/ford/escape/2018/05842684c7d439d3-ford-escape-sel-1fmcu9hd9jub55830/"", ""https://bidinfo.app/ford/escape/copart-64200676-ford-escape-2018-silver-sport-utility-vehicle-vin-1fmcu9hd9jub55830.html"", ""https://stat.vin/es/cars/1fmcu9hd9jub55830-ford-escape-2018-silver-15l-4""]",2800,10000
72,2,59114686,2022 Toyota Corolla LE,KS,JTDEPMAEXNJ210125,미공개,이력·안전 확인 전 보류,2026-09-14,0,[],"{""theft"": ""일치 기록 없음"", ""totalLoss"": ""충돌 전손"", ""lossDate"": ""2022-08-08"", ""cause"": ""Collision"", ""note"": ""동일 날짜·원인 행이 2번 표시됨. 별도 사고 2건으로 계산하지 않음.""}",NICB: 2022-08-08 충돌 전손. 현재 우박 손상 이외의 과거 충돌 이력이 확인됐습니다. 동일 날짜·원인 중복 행은 사고 2건으로 세지 않았습니다. 과거 수리·골격·에어백 검증 전 입찰 보류.,침수 없음 확정 불가. 공개 자료에서 구체적인 침수 사건 미확인; 전체 보험·DMV 이력은 미조회.,실제 작업 날짜·주행거리·수리 항목이 있는 정비 기록 미확보. 엔진·변속기 교체 여부 미확인.,"[""https://en.bidhistory.org/toyota/corolla/2022/a3ff81b83532bd43-toyota-corolla-le-jtdepmaexnj210125/"", ""https://usacars.bg/en/car/toyota-corolla-2022-jtdepmaexnj210125"", ""https://usacars.bg/pl/car/toyota-corolla-2022-jtdepmaexnj210125""]",5200,9700
73,27,62966806,2022 Ford Bronco Sport,MO,3FMCR9A69NRD96460,원본에 미표시,이력·안전 확인 전 보류,2026-09-14,1,"[[""25V467"", ""25S76"", ""연료 인젝터 균열·누유로 엔진룸 화재 위험."", ""수리 부품 미제공""]]","{""status"": ""미조회: 24시간 IP당 5대 제한. 이번 상위 5대만 조회.""}",VIN은 Bronco Sport에 해당합니다. 연료 인젝터 균열·화재 리콜이 미수리이고 부품 미제공으로 표시되어 입찰 보류.,침수 없음 확정 불가. 공개 자료에서 구체적인 침수 사건 미확인; 전체 보험·DMV 이력은 미조회.,실제 작업 날짜·주행거리·수리 항목이 있는 정비 기록 미확보. 엔진·변속기 교체 여부 미확인.,"[""https://en.bidhistory.org/ford/bronco/2022/387af0697b6cb50f-ford-bronco-u-3fmcr9a69nrd96460/"", ""https://plc.ua/auctions/lot/ford-bronco-2022-vin-3fmcr9a69nrd96460-1-62966806/"", ""https://en.bidhistory.org/ford/bronco/""]",4800,10000
74,40,67126866,2020 Jeep Grand Cherokee Laredo,MO,1C4RJEAG3LC379690,원본에 미표시,이력·안전 확인 전 보류,2026-09-14,0,[],"{""status"": ""미조회: 24시간 IP당 5대 제한. 이번 상위 5대만 조회.""}","현재 Copart: LA Cert Of Title-hail Damaged, Hail + Rear End, 125,248mi Actual. 일반 Clean으로 단순 분류하지 않으며 발급 서류와 개인 입찰 자격 확인 전 보류.",침수 없음 확정 불가. 공개 자료에서 구체적인 침수 사건 미확인; 전체 보험·DMV 이력은 미조회.,실제 작업 날짜·주행거리·수리 항목이 있는 정비 기록 미확보. 엔진·변속기 교체 여부 미확인.,"[""https://stat.vin/ge/cars/1c4rjeag3lc379690-jeep-cherokee-2020-grand-silver-v6"", ""https://plc.ua/auctions/lot/jeep-grand-cherokee-2020-vin-1c4rjeag3lc379690-1-67126866/"", ""https://salvagealert.com/lots/2020-jeep-grand-cherokee-rogersville-mo-1c4rjeag3lc379690-copart-us-67126866""]",3700,10000
75,49,60687656,2025 Nissan Sentra SV,MO,3N1AB8CV1SY374844,DOLLAR RENT A CAR CAR SALES,이력·안전 확인 전 보류,2026-09-14,1,"[[""25V807"", ""PMA58"", ""전면 유리 적층 기포로 시야 저하 위험. 유리 점검·필요 시 교체."", ""수리 가능""]]","{""status"": ""미조회: 24시간 IP당 5대 제한. 이번 상위 5대만 조회.""}","Copart 공식 공지: Airbags deployed, Fleet vehicle, One owner. 판매자 DOLLAR RENT A CAR CAR SALES. 에어백·벨트·SRS 복구 견적과 Wholesale Auction 직접 입찰 자격을 확인하기 전 보류.",침수 없음 확정 불가. 공개 자료에서 구체적인 침수 사건 미확인; 전체 보험·DMV 이력은 미조회.,실제 작업 날짜·주행거리·수리 항목이 있는 정비 기록 미확보. 엔진·변속기 교체 여부 미확인.,"[""https://en.bidhistory.org/nissan/sentra/2025/930be55cc13254ec-nissan-sentra-sv-3n1ab8cv1sy374844/"", ""https://www.salvagereseller.com/cars-for-sale/60687656-2025-nissan-sentra-sv-bridgeton-mo"", ""https://checkcar.vin/pl/report/check/3N1AB8CV1SY374844""]",2800,10000
76,51,85972145,2021 Hyundai Elantra SEL,MO,5NPLN4AGXMH028642,원본에 미표시,이력·안전 확인 전 보류,2026-09-14,0,[],"{""status"": ""미조회: 24시간 IP당 5대 제한. 이번 상위 5대만 조회.""}","과거 검색 색인에 79,956mi NOT ACTUAL, 현재 Copart에는 동일 거리 Actual로 표시됩니다. 표기 불일치이며 조작 확정은 아닙니다. 타이틀 주행거리 기재 및 이력 보고서 대조 전 보류.",침수 없음 확정 불가. 공개 자료에서 구체적인 침수 사건 미확인; 전체 보험·DMV 이력은 미조회.,실제 작업 날짜·주행거리·수리 항목이 있는 정비 기록 미확보. 엔진·변속기 교체 여부 미확인.,[],3800,9900
77,57,58358206,2021 Ford Escape SEL,MO,1FMCU0H61MUA56615,원본에 미표시,이력·안전 확인 전 보류,2026-09-14,3,"[[""25V467"", ""25S76"", ""연료 인젝터 균열·누유로 엔진룸 화재 위험."", ""수리 부품 미제공""], [""26V123"", ""26C11"", ""SYNC·후방 카메라 화면 반전. 소프트웨어 업데이트."", ""수리 가능""], [""26V117"", ""26S14"", ""와이퍼 모터 작동 불량으로 시야 상실 위험."", ""수리 부품 미제공""]]","{""status"": ""미조회: 24시간 IP당 5대 제한. 이번 상위 5대만 조회.""}",같은 LOT의 2026-07-14 경매 기록이 공개되어 있으나 판매 가격·성사 여부는 자료가 서로 다릅니다. 연료 누출·화재 리콜 수리 부품 미제공으로 입찰 보류.,침수 없음 확정 불가. 공개 자료에서 구체적인 침수 사건 미확인; 전체 보험·DMV 이력은 미조회.,실제 작업 날짜·주행거리·수리 항목이 있는 정비 기록 미확보. 엔진·변속기 교체 여부 미확인.,"[""https://dreambid.pl/uk/lots/copart-58358206/2021-Ford-Escape-1FMCU0H61MUA56615"", ""https://checkcar.vin/es-mx/report/check/1FMCU0H61MUA56615"", ""https://auctionhistory.io/item/1FMCU0H61MUA56615"", ""https://checkcar.vin/es/report/check/1FMCU0H61MUA56615""]",2900,8800
78,67,66851026,2026 Kia K4 LXS,MO,3KPFT4DE9TE287199,Hertz (원본 기재 · 재확인 전),판매 완료 · 현재 후보 제외,2026-09-14,0,[],"{""status"": ""미조회: 24시간 IP당 5대 제한. 이번 상위 5대만 조회.""}",2026-09-14 Copart 현재 상태 Sold 확인. 현재 구매 후보에서 제외하고 비교 기록으로 남깁니다.,침수 없음 확정 불가. 공개 자료에서 구체적인 침수 사건 미확인; 전체 보험·DMV 이력은 미조회.,실제 작업 날짜·주행거리·수리 항목이 있는 정비 기록 미확보. 엔진·변속기 교체 여부 미확인.,"[""https://plc.ua/auctions/lot/kia-unknown-2026-vin-3kpft4de9te287199-1-66851026/"", ""https://westmotors.kz/catalog-avto/kia/all-other/3KPFT4DE9TE287199"", ""https://plc.ua/auctions/lot/kia-k4-2026-vin-3kpft4de9te287199-1-66851026/""]",2600,10000
79,72,67122796,2019 Chevrolet Traverse,MO,1GNEVGKW0KJ306024,원본에 미표시,이력·안전 확인 전 보류,2026-09-14,0,[],"{""status"": ""미조회: 24시간 IP당 5대 제한. 이번 상위 5대만 조회.""}","BidCars IAAI 보관 기록: 2025-02-11, LOT 41139658, Progressive Casualty Insurance, 69,543mi, Collision·Front & rear·Left front, NY MV-907A. 현재 125,556mi·경미 손상 표시와 별개인 과거 충돌 경매 기록입니다. 타이틀 연혁·수리 명세·골격 검증 전 보류.",침수 없음 확정 불가. 공개 자료에서 구체적인 침수 사건 미확인; 전체 보험·DMV 이력은 미조회.,실제 작업 날짜·주행거리·수리 항목이 있는 정비 기록 미확보. 엔진·변속기 교체 여부 미확인.,"[""https://bid.cars/en/lot/0-41139658/2019-Chevrolet-Traverse-1GNEVGKW0KJ306024"", ""https://bid.cars/en/lot/0-41139658/2019-Chevrolet-Traverse-1GNEVGKW0KJ306024"", ""https://usacars.bg/pl/car/chevrolet-traverse-2019-1gnevgkw0kj306024"", ""https://usacars.bg/ru/car/chevrolet-traverse-2019-1gnevgkw0kj306024""]",3700,10000
80,80,61161096,2022 Nissan Altima S,MO,1N4BL4BV0NN409678,원본에 미표시,구매 비추천,2026-09-14,0,[],"{""status"": ""미조회: 24시간 IP당 5대 제한. 이번 상위 5대만 조회.""}",이번 공개 검색에서 현재 경매 자료와 구별되는 구체적 사고·침수·정비 사건을 확정하지 못했습니다. 이력이 없다는 뜻은 아닙니다.,침수 없음 확정 불가. 공개 자료에서 구체적인 침수 사건 미확인; 전체 보험·DMV 이력은 미조회.,실제 작업 날짜·주행거리·수리 항목이 있는 정비 기록 미확보. 엔진·변속기 교체 여부 미확인.,[],1200,10000
